,Bull code/number,Age,AgeYear,DentalAge,AgeNumber,AgeCategory,Year,Model,Megapixels,Aperture,ShutterSpeed,ISO,FocalLength,Quality,WhiteBalance,Season,Month,Day,Date,Time,AgeClass,Head.Girth,Head.Height,Tusk.Side,Tusk.Length,Tusk.Circumference,Tusk.Shape,Tusk.Missing,Tusk.Breakage,Tusk.Arrangement,Body.Width,Shoulder.Height,Foot.Circumference,Musth.Period,Musth.Signs,Anatomy.not.visible,Anatomy.not.visible.binary,Blurred.Image,Visible.Injury,Body.Condition.Score,Ratio.bodyheight.to.bodywidth,Ratio.bodywith.to.bodyheight,Ratio.tusklength.bodywidth,Ratio.tusklength.bodyheight,Ratio.tuskcircumference.bodywidth,Ratio.tuskcircumference.bodyheight,Ratio.foot.to.bodywidth,Ratio.foot.to.bodyheight,Ratio.tusklength.to.foot,Ratio.tuskcircumference.to.foot,Ratio.tusk.circumference.to.tusk.length,Ratio.bodyheight.to.bodywidth2,Ratio.bodywith.to.bodyheight2,Ratio.tusklength.bodywidth2,Ratio.tusklength.bodyheight2,Ratio.tuskcircumference.bodywidth2,Ratio.tuskcircumference.bodyheight2,Ratio.foot.to.bodywidth2,Ratio.foot.to.bodyheight2,Ratio.tusklength.to.foot2,Ratio.tuskcircumference.to.foot2,Ratio.tusk.circumference.to.tusk.length2,Ratio.tusk.length.to.head.height,Ratio.tusk.circumference.to.head.height,Ratio.tusk.length.to.head.girth,Ratio.tusk.circumference.to.head.girth,Ratio.tusk.length.to.circumference
1,1,20,2004,17,2,young adult,2005,C750UZ,3.9,3.7,0,50,63,Normal,Auto,dry,5,2,5/2/2005,14:23:51,Young,90.51,145.24,right,144.75,24.41,upcurved,0,0,NA,704.25,NA,NA,NA,NA,foot,0,0,0,3,NA,NA,0.205537806,NA,0.034660987,NA,NA,NA,NA,NA,0.168635579,NA,NA,0.152537806,NA,0.021660987,NA,NA,NA,NA,NA,0.144635579,0.996626274,0.168066648,1.599270799,0.269693956,5.929946743
2,1,20,2004,16,2,young adult,2004,C750UZ,3.9,4,0,50,18.5,Normal,Auto,wet,11,13,11/13/2004,12:38:50,Young,222.04,286.54,right,256.28,51.09,upcurved,0,0,higher left,1177.49,NA,NA,NA,NA,foot,0,0,0,4,NA,NA,0.217649407,NA,0.043388904,NA,NA,NA,NA,NA,0.199352271,NA,NA,0.164649407,NA,0.030388904,NA,NA,NA,NA,NA,0.175352271,0.894395198,0.178299714,1.154206449,0.230093677,5.016245841
3,1,20,2004,20,2,young adult,2008,FinePix S5600,5,6.4,0,200,63,Normal,Cloudy,dry,6,22,6/22/2008,11:17:20,Young,297.13,354.95,left,277.6,64.07,upcurved,0,0,parallel,NA,1862.15,336.91,non-musth,NA,anal flap,0,0,0,NA,NA,NA,NA,0.149074994,NA,0.034406466,NA,0.180925275,0.823958921,0.190169481,0.230799712,NA,NA,NA,0.129074994,NA,0.032406466,NA,0.169925275,0.564958921,0.177169481,0.206799712,0.782081983,0.180504296,0.934271194,0.215629522,4.332761043
4,1,20,2004,16,2,young adult,2004,C750UZ,3.9,3.2,0,50,34.7,Normal,Auto,wet,11,13,11/13/2004,12:37:37,Young,86.27,244.99,right,249.78,44.41,upcurved,0,0,NA,1179.83,1330.25,226.23,NA,NA,NA,0,0,0,4,1.127492944,0.886923511,0.211708466,0.187769216,0.037641016,0.033384702,0.191747964,0.170065777,1.1040976,0.196304646,0.177796461,0.864492944,0.665923511,0.158708466,0.167769216,0.024641016,0.031384702,0.137747964,0.159065777,0.8450976,0.183304646,0.153796461,1.019551818,0.181272705,2.895328619,0.514779182,5.624408917
5,1,20,2004,17,2,young adult,2005,C740UZ,3.1,3.7,0,64,63,Normal,Auto,dry,5,2,5/2/2005,14:22:19,Young,74.69,185.13,right,188.11,33.65,upcurved,0,0,NA,NA,1005.54,181.09,non-musth,NA,anal flap,0,0,0,3,NA,NA,NA,0.187073612,NA,0.033464606,NA,0.180092289,1.038765255,0.185819206,0.178884695,NA,NA,NA,0.167073612,NA,0.031464606,NA,0.169092289,0.779765255,0.172819206,0.154884695,1.016096797,0.181764166,2.518543312,0.450528853,5.590193165
6,1,20,2004,17,2,young adult,2005,C750UZ,3.9,3.7,0,91,63,Normal,Auto,dry,5,7,5/7/2005,9:13:49,Young,61.6,133.37,right,136.54,24.27,upcurved,0,0,NA,636.97,704.29,120.26,non-musth,NA,NA,0,0,0,3,1.105687866,0.904414375,0.214358604,0.193869003,0.038102265,0.034460237,0.1888001,0.170753525,1.135373358,0.201812739,0.17775011,0.842687866,0.683414375,0.161358604,0.173869003,0.025102265,0.032460237,0.1348001,0.159753525,0.876373358,0.188812739,0.15375011,1.023768464,0.181974957,2.216558442,0.393993506,5.625875567
7,1,20,2004,16,2,young adult,2004,C750UZ,3.9,4,0,50,17.5,Normal,Auto,wet,11,13,11/13/2004,12:39:22,Young,200.8,266.27,right,253.65,48.47,upcurved,0,0,higher left,1123.26,1399.13,249.66,NA,NA,NA,0,0,0,4,1.245597635,0.802827471,0.225815929,0.181291231,0.043151185,0.034642957,0.222263768,0.178439459,1.015981735,0.194144036,0.191090085,0.982597635,0.581827471,0.172815929,0.161291231,0.030151185,0.032642957,0.168263768,0.167439459,0.756981735,0.181144036,0.167090085,0.952604499,0.182033274,1.263197211,0.241384462,5.233133897
8,1,20,2004,17,2,young adult,2005,C750UZ,3.9,3.7,0,80,63,Normal,Auto,dry,5,7,5/7/2005,9:12:54,Young,40.31,202.24,right,192.56,37.73,upcurved,0,0,NA,845.45,NA,NA,non-musth,NA,foot,0,0,0,4,NA,NA,0.227760364,NA,0.044627122,NA,NA,NA,NA,NA,0.195938928,NA,NA,0.174760364,NA,0.031627122,NA,NA,NA,NA,NA,0.171938928,0.952136076,0.186560522,4.776978417,0.935996031,5.103631063
9,1,20,2004,16,2,young adult,2004,C740UZ,3.1,3.7,0,116,63,Normal,Auto,wet,11,2,11/2/2004,14:00,Young,85.62,258.06,right,270.43,48.28,upcurved,0,0,NA,1155.83,NA,NA,non-musth,NA,foot,0,0,0,4,NA,NA,0.233970394,NA,0.041770849,NA,NA,NA,NA,NA,0.178530488,NA,NA,0.180970394,NA,0.028770849,NA,NA,NA,NA,NA,0.154530488,1.047934589,0.187088274,3.158491007,0.563886942,5.601284176
10,1,20,2004,16,2,young adult,2004,C740UZ,3.1,3.7,0,81,63,Normal,Auto,wet,11,2,11/2/2004,14:00,Young,87.57,253.17,right,270.6,48.33,upcurved,0,0,NA,1130.91,NA,NA,non-musth,NA,foot,0,0,0,4,NA,NA,0.239276335,NA,0.042735496,NA,NA,NA,NA,NA,0.178603104,NA,NA,0.186276335,NA,0.029735496,NA,NA,NA,NA,NA,0.154603104,1.06884702,0.190899396,3.090099349,0.551901336,5.599006828
11,1,20,2004,16,2,young adult,2004,C750UZ,3.9,4,0,50,18.5,Normal,Auto,wet,11,13,11/13/2004,12:38:13,Young,136.47,266.27,right,276.27,51.2,upcurved,0,0,higher left,1090.96,NA,NA,NA,NA,NA,0,0,0,5,NA,NA,0.253235682,NA,0.046931143,NA,NA,NA,NA,NA,0.185325949,NA,NA,0.200235682,NA,0.033931143,NA,NA,NA,NA,NA,0.161325949,1.037555864,0.192286025,2.024400967,0.375174031,5.395898438
12,1,20,2004,20,2,young adult,2008,FinePix S5600,5,6.4,0,200,63,Normal,Cloudy,dry,6,22,6/22/2008,11:15:31,Young,234.76,359.45,left,310.91,70.52,upcurved,0,0,parallel,NA,1962.27,322.17,non-musth,NA,anal flap,0,0,0,NA,NA,NA,NA,0.158444047,NA,0.03593797,NA,0.164182299,0.965049508,0.218890648,0.22681805,NA,NA,NA,0.138444047,NA,0.03393797,NA,0.153182299,0.706049508,0.205890648,0.20281805,0.864960356,0.196188622,1.324373829,0.30039189,4.408820193
13,1,20,2004,16,2,young adult,2004,C750UZ,3.9,3.5,0,50,18.5,Normal,Auto,wet,11,13,11/13/2004,12:38:32,Young,140.32,268.25,right,288.41,53.12,upcurved,0,0,NA,1221.72,1528.14,258.76,NA,NA,NA,0,0,0,4,1.250810333,0.799481723,0.236068821,0.188732708,0.043479684,0.034761213,0.211799758,0.169330035,1.114584944,0.205286752,0.184182241,0.987810333,0.578481723,0.183068821,0.168732708,0.030479684,0.032761213,0.157799758,0.158330035,0.855584944,0.192286752,0.160182241,1.075153774,0.198024231,2.055373432,0.378563284,5.42940512
14,1,20,2004,17,2,young adult,2005,C750UZ,3.9,3.7,0,88,63,Normal,Auto,dry,5,2,5/2/2005,14:21:57,Young,112.76,207.67,right,209.65,41.34,upcurved,0,0,higher left,971.88,1132.61,201.07,non-musth,NA,NA,0,0,0,2,1.1653805,0.858088839,0.215715932,0.185103434,0.042536116,0.036499766,0.206887682,0.177528011,1.042671706,0.20560004,0.197185786,0.9023805,0.637088839,0.162715932,0.165103434,0.029536116,0.034499766,0.152887682,0.166528011,0.783671706,0.19260004,0.173185786,1.009534357,0.199065826,1.859258602,0.366619369,5.071359458
15,1,20,2004,16,2,young adult,2004,C750UZ,3.9,4,0,50,18.5,Normal,Auto,wet,11,13,11/13/2004,12:38:42,Young,147.57,264.62,right,294.22,53.42,upcurved,0,0,NA,1220.86,1531.42,257.6,NA,NA,NA,0,0,0,4,1.254378061,0.79720782,0.240994053,0.192122344,0.043756041,0.034882658,0.210998804,0.168209897,1.142158385,0.207375776,0.181564815,0.991378061,0.57620782,0.187994053,0.172122344,0.030756041,0.032882658,0.156998804,0.157209897,0.883158385,0.194375776,0.157564815,1.111858514,0.201874386,1.993765671,0.361997696,5.507675028
16,1,20,2004,16,2,young adult,2004,C750UZ,3.9,3.5,0,50,18.5,Normal,Auto,wet,11,13,11/13/2004,12:38:26,Young,93.61,255.83,right,271.05,51.85,upcurved,0,0,NA,1214.39,1507.06,256.34,NA,NA,NA,0,0,0,4,1.241001655,0.805800698,0.223198478,0.17985349,0.042696333,0.034404735,0.211085401,0.170092763,1.057384723,0.202270422,0.191293119,0.978001655,0.584800698,0.170198478,0.15985349,0.029696333,0.032404735,0.157085401,0.159092763,0.798384723,0.189270422,0.167293119,1.059492632,0.20267365,2.895523982,0.553893815,5.227579556
17,1,20,2004,17,2,young adult,2005,C740UZ,3.1,3.5,0,64,23.4,Normal,Auto,wet,2,2,2/2/2005,11:14:02,Young,NA,NA,right,147.83,31.85,upcurved,0,0,higher left,761.08,NA,NA,non-musth,NA,foot,0,0,0,3,NA,NA,0.194237137,NA,0.041848426,NA,NA,NA,NA,NA,0.215450179,NA,NA,0.141237137,NA,0.028848426,NA,NA,NA,NA,NA,0.191450179,NA,NA,NA,NA,4.64144427
18,2,28,2006,24,3,adult,2006,C750UZ,3.9,3.2,0,50,26.4,Normal,Auto,wet,2,2,2/2/2006,15:55:12,Prime,96.14,191.61,right,297.31,37.62,upcurved,NA,NA,NA,874.61,NA,NA,musth,"TGS, UD",foot,0,0,0,4,NA,NA,0.339934371,NA,0.043013457,NA,NA,NA,NA,NA,0.126534594,NA,NA,0.286934371,NA,0.030013457,NA,NA,NA,NA,NA,0.102534594,1.551641355,0.196336308,3.092469316,0.391304348,7.90297714
19,2,26,2004,22,3,adult,2004,FinePixS2Pro,12.1,5.6,0,400,115,Fine,Auto,wet,1,9,1/9/2004,18:11:12,Prime,121.21,317.86,right,451.41,62.51,upcurved,0,NA,NA,1450.51,1730.94,286.51,non-musth,NA,NA,0,0,0,3,1.193332,0.837989763,0.311207782,0.260788935,0.043095187,0.036113326,0.19752363,0.16552278,1.575547101,0.218177376,0.138477216,0.930332,0.616989763,0.258207782,0.240788935,0.030095187,0.034113326,0.14352363,0.15452278,1.316547101,0.205177376,0.114477216,1.420153527,0.196658906,3.724197673,0.515716525,7.221404575
20,2,26,2004,22,3,adult,2004,FinePixS2Pro,12.1,5.6,0,400,115,Fine,Auto,wet,1,9,1/9/2004,18:11:32,Prime,147.31,312.75,right,459.64,63.51,upcurved,0,0,parallel,1504.31,1777.58,308.88,non-musth,NA,NA,0,0,0,3,1.181658036,0.846268522,0.305548723,0.258576267,0.042218692,0.03572835,0.205330018,0.173764331,1.488085988,0.205613831,0.138173353,0.918658036,0.625268522,0.252548723,0.238576267,0.029218692,0.03372835,0.151330018,0.162764331,1.229085988,0.192613831,0.114173353,1.469672262,0.203069544,3.12022266,0.431131627,7.237285467
21,2,26,2004,22,3,adult,2004,FinePixS2Pro,12.1,5.6,0,400,115,Fine,Auto,wet,1,9,1/9/2004,18:11:17,Prime,184.68,320.86,right,462.65,65.56,upcurved,NA,NA,NA,1408.05,1726.86,288.94,non-musth,NA,NA,0,0,0,3,1.226419516,0.815381675,0.32857498,0.267914017,0.046560847,0.037964861,0.205205781,0.167321034,1.60119748,0.226898318,0.141705393,0.963419516,0.594381675,0.27557498,0.247914017,0.033560847,0.035964861,0.151205781,0.156321034,1.34219748,0.213898318,0.117705393,1.441906127,0.204325874,2.505144033,0.354992419,7.056894448
22,2,29,2007,25,3,adult,2007,Canon PowerShot S3 IS,5.9,4,0,100,58.7,SuperFine,Auto,wet,2,8,2/8/2007,12:41:10,Prime,NA,NA,right,117.57,19.77,upcurved,0,0,parallel,402.41,NA,NA,NA,NA,foot,0,0,0,4,NA,NA,0.292164708,NA,0.049128998,NA,NA,NA,NA,NA,0.168155142,NA,NA,0.239164708,NA,0.036128998,NA,NA,NA,NA,NA,0.144155142,NA,NA,NA,NA,5.946889226
23,2,29,2007,25,3,adult,2007,Canon PowerShot S3 IS,5.9,4,0,100,58.7,SuperFine,Auto,wet,2,8,2/8/2007,12:41:06,Prime,29.5,91.23,right,131.88,19.69,upcurved,NA,NA,NA,351.07,NA,NA,pre/post-musth,TGS,foot,0,0,0,4,NA,NA,0.375651579,NA,0.056085681,NA,NA,NA,NA,NA,0.149302396,NA,NA,0.322651579,NA,0.043085681,NA,NA,NA,NA,NA,0.125302396,NA,NA,4.470508475,0.667457627,6.69781615
24,3,35+,2004,45,4,prime adult,2008,C750UZ,3.9,4,0,50,46.3,Normal,Auto,wet,1,15,1/15/2008,12:34,Prime,62.44,280.41,right,396.68,61.85,upcurved,0,0,NA,1087.63,NA,NA,NA,NA,foot,0,0,0,4,NA,NA,0.36471962,NA,0.056866765,NA,NA,NA,NA,NA,0.155919129,NA,NA,0.31171962,NA,0.043866765,NA,NA,NA,NA,NA,0.131919129,1.414642844,0.22056988,6.35297886,0.990550929,6.413581245
25,3,35+,2006,43,4,prime adult,2006,NIKON D50,6,5.6,0,400,95,Normal,Auto,wet,12,5,12/5/2006,7:40:33,Prime,13.43,53.56,right,78.58,12.01,straight,0,0,higher right,231.31,291.44,48.8,non-musth,NA,NA,0,0,0,3,1.259954174,0.79367966,0.339717263,0.269626681,0.051921664,0.041209168,0.210972288,0.167444414,1.610245902,0.246106557,0.152837872,0.996954174,0.57267966,0.286717263,0.249626681,0.038921664,0.039209168,0.156972288,0.156444414,1.351245902,0.233106557,0.128837872,1.467139656,0.224234503,5.851079672,0.894266567,6.542880933
26,3,35+,2006,43,4,prime adult,2006,NIKON D50,6,6.3,0,720,185,Normal,Auto,wet,12,5,12/5/2006,8:10:45,Prime,42.94,66.23,right,87.04,14.86,straight,0,0,parallel,NA,346.13,60.64,non-musth,NA,anal flap,0,0,0,NA,NA,NA,NA,0.251466212,NA,0.042931846,NA,0.175194291,1.435356201,0.24505277,0.170726103,NA,NA,NA,0.231466212,NA,0.040931846,NA,0.164194291,1.176356201,0.23205277,0.146726103,1.314208063,0.224369621,2.027014439,0.346064276,5.857335128
27,3,35+,2004,41,4,prime adult,2004,C740UZ,3.1,4,0,64,34.7,Normal,Auto,wet,1,30,1/30/2004,6:31:11,Prime,81.55,146.08,left,216.48,32.81,upcurved,0,0,NA,623.18,NA,NA,non-musth,NA,foot,0,0,0,3,NA,NA,0.347379569,NA,0.052649315,NA,NA,NA,NA,NA,0.151561345,NA,NA,0.294379569,NA,0.039649315,NA,NA,NA,NA,NA,0.127561345,1.481927711,0.224602957,2.65456775,0.402329859,6.597988418
28,3,35+,2007,44,4,prime adult,2007,Canon PowerShot S3 IS,5.9,3.5,0,100,68,SuperFine,Auto,wet,2,27,2/27/2007,14:22:35,Prime,86.76,126.88,right,179.67,28.96,straight,0,0,parallel,570.68,NA,NA,non-musth,NA,foot,0,0,0,5,NA,NA,0.314834934,NA,0.050746478,NA,NA,NA,NA,NA,0.161184394,NA,NA,0.261834934,NA,0.037746478,NA,NA,NA,NA,NA,0.137184394,1.416062421,0.228247163,2.070885201,0.333794375,6.204074586
29,3,35+,2007,44,4,prime adult,2007,Canon PowerShot S3 IS,5.9,4,0,100,72,SuperFine,Auto,wet,2,27,2/27/2007,14:30:05,Prime,36.22,116.8,right,162.16,27.43,straight,0,1,parallel,504.74,NA,NA,non-musth,NA,foot,0,0,0,5,NA,NA,0.321274319,NA,0.054344811,NA,NA,NA,NA,NA,0.169153922,NA,NA,0.268274319,NA,0.041344811,NA,NA,NA,NA,NA,0.145153922,1.388356164,0.23484589,4.477084484,0.7573164,5.911775428
30,3,35+,2005,42,4,prime adult,2005,C740UZ,3.1,3.2,0,64,11.5,Normal,Auto,dry,7,27,7/27/2005,12:37:32,Prime,70.42,178.88,left,294.28,42.31,upcurved,0,0,parallel,812.17,977.68,NA,non-musth,NA,foot,0,0,0,4,1.203787384,0.83071148,0.362337934,0.300998282,0.052095005,0.043275919,NA,NA,NA,NA,0.143774636,0.940787384,0.60971148,0.309337934,0.280998282,0.039095005,0.041275919,NA,NA,NA,NA,0.119774636,1.645125224,0.236527281,4.178926441,0.60082363,6.955329709
31,3,35+,2006,43,4,prime adult,2006,NIKON D50,6,6.3,0,720,185,Normal,Auto,wet,12,5,12/5/2006,8:10:40,Prime,29.04,58.73,right,81.98,13.92,straight,0,0,parallel,NA,311.52,55.34,non-musth,NA,anal flap,0,0,0,NA,NA,NA,NA,0.263161274,NA,0.044684129,NA,0.177645095,1.481387785,0.25153596,0.169797512,NA,NA,NA,0.243161274,NA,0.042684129,NA,0.166645095,1.222387785,0.23853596,0.145797512,1.395879448,0.237016857,2.823002755,0.479338843,5.889367816
32,3,35+,2006,43,4,prime adult,2006,NIKON D50,6,6.3,0,800,185,Normal,Auto,wet,12,5,12/5/2006,8:10:39,Prime,27.15,57.22,right,84.06,13.76,straight,0,0,higher right,NA,309.43,54.81,non-musth,NA,anal flap,0,0,0,NA,NA,NA,NA,0.271660796,NA,0.044468862,NA,0.177132146,1.533661741,0.251049079,0.163692601,NA,NA,NA,0.251660796,NA,0.042468862,NA,0.166132146,1.274661741,0.238049079,0.139692601,1.46906676,0.240475358,3.096132597,0.506813996,6.109011628
33,3,35+,2007,44,4,prime adult,2007,Canon PowerShot S3 IS,5.9,3.5,0,100,72,SuperFine,Auto,wet,2,27,2/27/2007,14:22:24,Prime,118.07,131.4,right,167.69,31.98,straight,0,0,parallel,551.43,NA,NA,non-musth,NA,foot,0,0,0,5,NA,NA,0.304100248,NA,0.057994668,NA,NA,NA,NA,NA,0.190709046,NA,NA,0.251100248,NA,0.044994668,NA,NA,NA,NA,NA,0.166709046,1.276179604,0.243378995,1.420259168,0.270856272,5.243589744
34,3,35+,2005,42,4,prime adult,2005,FinePixS2Pro,12.1,8,0,400,50,Fine,Auto,dry,10,8,10/8/2005,8:59:05,Prime,109.07,151.85,left,225.89,36.98,upcurved,0,0,parallel,663.23,NA,NA,non-musth,NA,foot,0,0,0,4,NA,NA,0.340590745,NA,0.05575743,NA,NA,NA,NA,NA,0.163707999,NA,NA,0.287590745,NA,0.04275743,NA,NA,NA,NA,NA,0.139707999,1.487586434,0.243529799,2.071055286,0.339048318,6.108436993
35,3,35+,2007,44,4,prime adult,2007,Canon PowerShot S3 IS,5.9,4,0,100,66.8,SuperFine,Auto,wet,2,27,2/27/2007,14:23:56,Prime,91.38,121.24,right,173.68,29.6,straight,0,0,parallel,580.14,NA,NA,non-musth,NA,foot,0,0,0,5,NA,NA,0.299376013,NA,0.051022167,NA,NA,NA,NA,NA,0.170428374,NA,NA,0.246376013,NA,0.038022167,NA,NA,NA,NA,NA,0.146428374,1.432530518,0.244143847,1.900634712,0.323922084,5.867567568
36,3,35+,2007,44,4,prime adult,2007,FinePix S5600,5,6.4,0,200,63,Normal,Cloudy,dry,10,31,10/31/2007,12:06:00,Prime,119.25,195.43,right,301.5,48.13,straight,0,0,parallel,930.79,NA,173.95,non-musth,NA,foot,0,0,0,4,NA,NA,0.323918392,NA,0.051708764,NA,0.18688426,NA,1.733256683,0.276688704,0.159635158,NA,NA,0.270918392,NA,0.038708764,NA,0.13288426,NA,1.474256683,0.263688704,0.135635158,1.54275188,0.246277439,2.528301887,0.40360587,6.26428423
37,3,35+,2007,44,4,prime adult,2007,Canon PowerShot S3 IS,5.9,4,0,100,72,SuperFine,Auto,wet,2,27,2/27/2007,14:30:44,Prime,57.38,94.45,right,130.02,23.42,straight,0,0,parallel,441.57,NA,NA,non-musth,NA,foot,0,0,0,5,NA,NA,0.294449351,NA,0.053038023,NA,NA,NA,NA,NA,0.180126134,NA,NA,0.241449351,NA,0.040038023,NA,NA,NA,NA,NA,0.156126134,1.376601376,0.247961885,2.265946323,0.408156152,5.551665243
38,3,35+,2005,42,4,prime adult,2005,C740UZ,3.1,4,0,64,63,Normal,Auto,wet,2,18,2/18/2005,8:50:31,Prime,48.79,120.9,left,200.68,30.17,upcurved,0,0,NA,553.65,NA,NA,non-musth,NA,foot,0,0,0,4,NA,NA,0.362467263,NA,0.054492911,NA,NA,NA,NA,NA,0.150338848,NA,NA,0.309467263,NA,0.041492911,NA,NA,NA,NA,NA,0.126338848,1.659884202,0.249545079,4.113137938,0.618364419,6.651640703
39,3,35+,2005,42,4,prime adult,2005,FinePixS2Pro,12.1,5.6,0,400,137,Fine,Auto,dry,10,8,10/8/2005,8:58:34,Prime,287.69,407.53,left,619.21,103.25,upcurved,0,0,higher right,1721.39,NA,NA,non-musth,NA,foot,0,0,0,4,NA,NA,0.359715114,NA,0.059980597,NA,NA,NA,NA,NA,0.166744723,NA,NA,0.306715114,NA,0.046980597,NA,NA,NA,NA,NA,0.142744723,1.519421883,0.253355581,2.152351489,0.358893253,5.997191283
40,4,35+,2008,36,4,prime adult,2008,Canon PowerShot S3 IS,5.9,4,0,100,37.8,SuperFine,Cloudy,dry,6,5,6/5/2008,10:57:14,Prime,42.54,112.94,left,77.65,23.92,straight,0,1,NA,NA,600.88,101.26,pre/post-musth,TGS,anal flap,0,0,0,NA,NA,NA,NA,0.129227134,NA,0.039808281,NA,0.168519505,0.766837843,0.236223583,0.308048938,NA,NA,NA,0.109227134,NA,0.037808281,NA,0.157519505,0.507837843,0.223223583,0.284048938,0.687533203,0.211793873,1.825340856,0.562294311,3.246237458
41,4,35+,2008,36,4,prime adult,2008,FinePix S5600,5,5,0,200,16.7,Normal,Cloudy,dry,6,5,6/5/2008,11:06:19,Prime,175.96,225.94,left,131.57,50.23,straight,0,1,NA,968.16,1154.49,NA,pre/post-musth,TGS,foot,0,0,0,4,1.192457858,0.838604059,0.135896959,0.113963742,0.05188192,0.043508389,NA,NA,NA,NA,0.381773961,0.929457858,0.617604059,0.082896959,0.093963742,0.03888192,0.041508389,NA,NA,NA,NA,0.357773961,0.582322741,0.222315659,0.747726756,0.285462605,2.619350985
42,4,35+,2008,36,4,prime adult,2008,FinePix S5600,5,5,0,200,44.9,Normal,Cloudy,wet,1,23,1/23/2008,10:29:02,Prime,177.16,461.19,left,301.64,103.86,straight,0,1,NA,NA,2506.7,404.01,non-musth,NA,anal flap,0,0,0,NA,NA,NA,NA,0.120333506,NA,0.04143296,NA,0.161172059,0.746615183,0.257072845,0.34431773,NA,NA,NA,0.100333506,NA,0.03943296,NA,0.150172059,0.487615183,0.244072845,0.32031773,0.654047139,0.225200026,1.70264168,0.586249718,2.904294242
43,4,35+,2007,35,4,prime adult,2007,NIKON D50,6,5.6,0,250,90,Normal,Auto,dry,5,23,5/23/2007,11:06:40,Prime,40.42,47.74,right,63.34,11.22,upcurved,0,0,NA,NA,256.65,43.66,non-musth,NA,anal flap,0,0,0,4,NA,NA,NA,0.246795246,NA,0.043717124,NA,0.170114943,1.450755841,0.256985799,0.177139249,NA,NA,NA,0.226795246,NA,0.041717124,NA,0.159114943,1.191755841,0.243985799,0.153139249,1.326770004,0.235023041,1.567046017,0.277585354,5.645276292
44,4,35+,2008,36,4,prime adult,2008,FinePix S5600,5,6.4,0,200,24.8,Normal,Cloudy,wet,1,23,1/23/2008,10:27:03,Prime,NA,179.74,left,130.32,46.35,straight,0,1,NA,NA,1156.4,180.26,non-musth,NA,NA,0,0,0,4,NA,NA,NA,0.112694569,NA,0.040081287,NA,0.155880318,0.722955731,0.257128592,0.355662983,NA,NA,NA,0.092694569,NA,0.038081287,NA,0.144880318,0.463955731,0.244128592,0.331662983,0.725047291,0.257872482,NA,NA,2.811650485
45,5,35+,2007,28,4,prime adult,2007,Canon PowerShot S3 IS,5.9,4,0,100,17.7,SuperFine,Auto,dry,6,10,6/10/2007,8:52:07,Prime,21.86,74.55,left,94.73,16.93,upcurved,0,0,NA,342.35,NA,NA,non-musth,NA,foot,0,0,0,5,NA,NA,0.276705126,NA,0.049452315,NA,NA,NA,NA,NA,0.178718463,NA,NA,0.223705126,NA,0.036452315,NA,NA,NA,NA,NA,0.154718463,1.270690812,0.227095909,4.333485819,0.774473925,5.595392794
46,5,35+,2007,28,4,prime adult,2007,Canon PowerShot S3 IS,5.9,4,0,100,11.6,SuperFine,Auto,dry,6,10,6/10/2007,10:06:30,Prime,68.86,110.41,left,146.35,26.76,upcurved,0,0,NA,521.35,NA,NA,non-musth,NA,foot,0,0,0,5,NA,NA,0.280713532,NA,0.051328282,NA,NA,NA,NA,NA,0.182849334,NA,NA,0.227713532,NA,0.038328282,NA,NA,NA,NA,NA,0.158849334,1.325513993,0.242369351,2.12532675,0.38861458,5.468983558
47,5,35+,2007,28,4,prime adult,2007,Canon PowerShot S3 IS,5.9,4,0,100,12.9,SuperFine,Auto,dry,6,10,6/10/2007,10:07:14,Prime,63.74,122.68,left,152.66,30.22,upcurved,0,0,NA,597.08,NA,NA,non-musth,NA,foot,0,0,0,5,NA,NA,0.255677631,NA,0.050612983,NA,NA,NA,NA,NA,0.197956243,NA,NA,0.202677631,NA,0.037612983,NA,NA,NA,NA,NA,0.173956243,1.244375611,0.24633192,2.39504236,0.474113586,5.051621443
48,5,35+,2007,28,4,prime adult,2007,Canon PowerShot S3 IS,5.9,4,0,100,17.7,SuperFine,Auto,dry,6,10,6/10/2007,8:52:06,Prime,NA,77.19,left,98.62,19.15,upcurved,0,0,NA,404,455.34,81.85,non-musth,NA,NA,0,0,0,5,1.127079208,0.887249089,0.244108911,0.216585409,0.04740099,0.042056485,0.20259901,0.179755787,1.204886988,0.233964569,0.19417968,0.864079208,0.666249089,0.191108911,0.196585409,0.03440099,0.040056485,0.14859901,0.168755787,0.945886988,0.220964569,0.17017968,1.277626636,0.248089131,NA,NA,5.149869452
49,5,35+,2007,28,4,prime adult,2007,Canon PowerShot S3 IS,5.9,4,0,100,17.7,SuperFine,Auto,dry,6,10,6/10/2007,8:52:16,Prime,17.95,64.03,left,80.73,16.05,upcurved,0,0,NA,291.84,NA,NA,non-musth,NA,foot,0,0,0,5,NA,NA,0.276624178,NA,0.054995888,NA,NA,NA,NA,NA,0.198810851,NA,NA,0.223624178,NA,0.041995888,NA,NA,NA,NA,NA,0.174810851,1.260815243,0.250663751,4.497493036,0.894150418,5.029906542
50,6,35+,2007,38,4,prime adult,2007,Canon EOS 400D DIGITAL,10.1,7.1,0,400,200,Fine,Auto,wet,11,12,11/12/2007,9:48:46,Prime,NA,338.51,left,589.4,76.06,upcurved,0,0,higher left,1484.13,NA,NA,NA,NA,foot,0,0,0,5,NA,NA,0.397135022,NA,0.05124888,NA,NA,NA,NA,NA,0.129046488,NA,NA,0.344135022,NA,0.03824888,NA,NA,NA,NA,NA,0.105046488,1.741159788,0.224690556,NA,NA,7.749145412
51,6,35+,2004,39,4,prime adult,2008,C750UZ,3.9,4,0,50,14.1,Normal,Auto,wet,3,9,3/9/2008,11:55,Prime,67.1,198.89,right,382.66,45.47,upcurved,0,0,NA,899.53,NA,NA,pre/post-musth,TGS,foot,0,0,0,3,NA,NA,0.425399931,NA,0.05054862,NA,NA,NA,NA,NA,0.118826112,NA,NA,0.372399931,NA,0.03754862,NA,NA,NA,NA,NA,0.094826112,1.923978078,0.228618835,5.702831595,0.677645306,8.415658676
52,6,35+,2008,39,4,prime adult,2008,FinePix S5600,5,3.5,0,64,38.6,Normal,Auto,wet,2,20,2/20/2008,13:56:06,Prime,133.84,231.55,right,411.92,55.47,upcurved,0,0,higher left,1073.08,NA,NA,NA,NA,foot,0,0,0,5,NA,NA,0.383867,NA,0.051692325,NA,NA,NA,NA,NA,0.13466207,NA,NA,0.330867,NA,0.038692325,NA,NA,NA,NA,NA,0.11066207,1.778967826,0.23955949,3.077704722,0.41445009,7.425996034
53,6,35+,2006,37,4,prime adult,2006,NIKON D70,3.3,8,0,200,46,Fine,Auto,wet,1,6,1/6/2006,7:39:41,Prime,33.56,41.29,right,68.95,10.02,upcurved,0,0,higher left,158.65,207.17,37.38,non-musth,NA,anal flap,0,0,0,5,1.305830444,0.765796206,0.434604475,0.332818458,0.063157895,0.048366076,0.235612985,0.18043153,1.844569288,0.268057785,0.145322698,1.042830444,0.544796206,0.381604475,0.312818458,0.050157895,0.046366076,0.181612985,0.16943153,1.585569288,0.255057785,0.121322698,1.669895859,0.242673771,2.054529201,0.298569726,6.881237525
54,6,35+,2008,39,4,prime adult,2008,FinePix S5600,5,3.5,0,64,38.6,Normal,Auto,wet,2,20,2/20/2008,13:56:42,Prime,170.58,225.62,right,352.91,57.51,upcurved,0,0,higher left,1042.89,1208.39,222.89,NA,NA,NA,0,0,0,5,1.15869363,0.863040906,0.338396188,0.292049752,0.055144838,0.047592251,0.213723403,0.184452039,1.583337072,0.258019651,0.162959395,0.89569363,0.642040906,0.285396188,0.272049752,0.042144838,0.045592251,0.159723403,0.173452039,1.324337072,0.245019651,0.138959395,1.564178708,0.254897615,2.068882636,0.337143862,6.136498
55,6,35+,2007,38,4,prime adult,2007,PENTAX *ist DL,6,6.7,NA,400,170,Normal,Auto,dry,8,25,8/25/2007,15:51:29,Prime,172.91,233.34,left,409.52,60.41,upcurved,0,0,higher left,NA,1268.04,203.68,pre/post-musth,TGS,anal flap,0,0,0,5,NA,NA,NA,0.322955112,NA,0.047640453,NA,0.160625848,2.01060487,0.296592694,0.147514163,NA,NA,NA,0.302955112,NA,0.045640453,NA,0.149625848,1.75160487,0.283592694,0.123514163,1.75503557,0.258892603,2.368399746,0.349372506,6.779010098
56,6,35+,2007,38,4,prime adult,2007,PENTAX *ist DL,6,6.7,NA,400,170,Normal,Auto,dry,8,25,8/25/2007,15:51:32,Prime,190.55,242.22,left,398.38,65.06,upcurved,0,0,higher left,NA,1266.97,200.63,pre/post-musth,TGS,anal flap,0,0,0,5,NA,NA,NA,0.314435227,NA,0.051350861,NA,0.158354184,1.985645218,0.324278523,0.163311411,NA,NA,NA,0.294435227,NA,0.049350861,NA,0.147354184,1.726645218,0.311278523,0.139311411,1.644703162,0.268598794,2.09068486,0.341432695,6.123270827
57,7,35++,2008,53,5,senescing adult,2008,FinePix S5600,5,5.6,0,200,38.6,Normal,Cloudy,dry,5,17,5/17/2008,3:26:28,Prime,87.66,225.72,right,600.88,54.02,upcurved,0,0,higher right,1012.76,NA,NA,non-musth,NA,foot,0,0,0,3,NA,NA,0.593309372,NA,0.053339389,NA,NA,NA,NA,NA,0.089901478,NA,NA,0.540309372,NA,0.040339389,NA,NA,NA,NA,NA,0.065901478,2.662059188,0.239323055,6.854665754,0.616244581,11.12328767
58,7,35++,2003,45,5,senescing adult,2003,C740UZ,3.1,3.2,0,92,19.6,Normal,Auto,dry,6,18,6/18/2003,16:03:30,Prime,40.8,248.05,left,508.97,60.52,upcurved,0,0,NA,1023.68,1267.41,NA,musth,"TGS, UD",NA,0,0,0,4,1.238091982,0.807694432,0.497196389,0.401582755,0.059120038,0.047750925,NA,NA,NA,NA,0.118906812,0.975091982,0.586694432,0.444196389,0.381582755,0.046120038,0.045750925,NA,NA,NA,NA,0.094906812,2.051884701,0.243983068,12.4747549,1.483333333,8.409947125
59,7,35++,2008,53,5,senescing adult,2008,NIKON D50,3.4,4.5,0,200,145,Fine,Shade,dry,5,16,5/16/2008,12:16:26,Prime,26.16,93.24,right,235.79,23.58,upcurved,0,0,higher right,NA,461.88,NA,NA,NA,anal flap,0,0,0,NA,NA,NA,NA,0.510500563,NA,0.051052221,NA,NA,NA,NA,0.100004241,NA,NA,NA,0.490500563,NA,0.049052221,NA,NA,NA,NA,0.076004241,2.528850279,0.252895753,9.013379205,0.901376147,9.999575912
60,7,35++,2003,49,5,senescing adult,2004,NA,6.3,NA,NA,NA,NA,NA,NA,wet,2,10,2/10/2004,19:31,Prime,13.92,38.75,right,80.66,9.86,upcurved,0,0,NA,158.43,NA,NA,pre/post-musth,TGS,foot,0,0,0,4,NA,NA,0.509120747,NA,0.062235688,NA,NA,NA,NA,NA,0.122241508,NA,NA,0.456120747,NA,0.049235688,NA,NA,NA,NA,NA,0.098241508,2.081548387,0.254451613,5.79454023,0.708333333,8.180527383
61,7,35++,2008,53,5,senescing adult,2008,FinePix S5600,5,3.5,0,200,38.6,Normal,Daylight,wet,4,13,4/13/2008,16:16:15,Prime,56.25,206.18,right,494.6,52.52,upcurved,0,0,higher right,880.6,NA,NA,pre/post-musth,TGS,foot,0,0,0,3,NA,NA,0.561662503,NA,0.059641154,NA,NA,NA,NA,NA,0.106186818,NA,NA,0.508662503,NA,0.046641154,NA,NA,NA,NA,NA,0.082186818,2.39887477,0.254728878,8.792888889,0.933688889,9.417364813
62,7,35++,2008,53,5,senescing adult,2008,FinePix S5600,5,5,0,200,63,Normal,Cloudy,dry,6,3,6/3/2008,10:26:41,Prime,NA,203.67,left,435.48,52.05,upcurved,0,0,higher right,NA,953.67,168.53,musth,"TGS, UD",foot,0,0,0,2,NA,NA,NA,0.456635943,NA,0.054578628,NA,0.176717313,2.583990981,0.30884709,0.119523285,NA,NA,NA,0.436635943,NA,0.052578628,NA,0.165717313,2.324990981,0.29584709,0.095523285,2.138164678,0.255560465,NA,NA,8.366570605
63,7,35++,2008,53,5,senescing adult,2008,NIKON D50,3.4,4.2,0,200,130,Fine,Shade,dry,5,16,5/16/2008,12:20:11,Prime,21.99,78.21,right,192.35,19.99,upcurved,0,0,higher right,NA,400.4,68.87,NA,NA,anal flap,0,0,0,NA,NA,NA,NA,0.480394605,NA,0.049925075,NA,0.172002997,2.792943226,0.290257006,0.103925136,NA,NA,NA,0.460394605,NA,0.047925075,NA,0.161002997,2.533943226,0.277257006,0.079925136,2.459404168,0.255593914,8.747157799,0.909049568,9.622311156
64,7,35++,2005,50,5,senescing adult,2005,C740UZ,3.1,3.2,0,70,29.6,Normal,Auto,dry,5,8,5/8/2005,9:35:10,Prime,NA,232.13,right,492,59.57,upcurved,0,0,higher right,878.96,NA,NA,musth,"TGS, UD",foot,0,0,0,4,NA,NA,0.559752435,NA,0.067773278,NA,NA,NA,NA,NA,0.121077236,NA,NA,0.506752435,NA,0.054773278,NA,NA,NA,NA,NA,0.097077236,2.119502003,0.256623444,NA,NA,8.259190868
65,7,35++,2008,53,5,senescing adult,2008,FinePix S5600,5,3.5,0,200,28.6,Normal,Cloudy,dry,5,17,5/17/2008,12:07:11,Prime,73.57,314.24,right,750.26,80.72,upcurved,0,0,higher right,1386.8,1587.16,271.95,non-musth,NA,NA,0,0,0,3,1.144476493,0.87376194,0.541000865,0.472705965,0.058205942,0.050858137,0.196098933,0.171343784,2.758815959,0.296819268,0.107589369,0.881476493,0.65276194,0.488000865,0.452705965,0.045205942,0.048858137,0.142098933,0.160343784,2.499815959,0.283819268,0.083589369,2.387538187,0.256873727,10.19790676,1.097186353,9.294598612
66,7,35++,2008,53,5,senescing adult,2008,FinePix S5600,5,3.5,0,200,28.6,Normal,Cloudy,dry,5,17,5/17/2008,12:06:10,Prime,62.97,316.63,right,779.58,81.41,upcurved,0,0,higher right,1390.85,1544.73,267.02,non-musth,NA,NA,0,0,0,3,1.11063738,0.900383886,0.560506165,0.504670719,0.058532552,0.052701767,0.19198332,0.172858687,2.919556588,0.304883529,0.104428025,0.84763738,0.679383886,0.507506165,0.484670719,0.045532552,0.050701767,0.13798332,0.161858687,2.660556588,0.291883529,0.080428025,2.462116666,0.257113982,12.38018104,1.292837859,9.575973468
67,7,35++,2008,53,5,senescing adult,2008,FinePix S5600,5,5.6,0,200,11.9,Normal,Daylight,wet,4,13,4/13/2008,7:57:15,Prime,49.78,151.46,left,370.43,38.97,upcurved,0,0,higher right,661.35,NA,NA,pre/post-musth,TGS,foot,0,0,0,5,NA,NA,0.560111892,NA,0.058924926,NA,NA,NA,NA,NA,0.105202062,NA,NA,0.507111892,NA,0.045924926,NA,NA,NA,NA,NA,0.081202062,2.445728245,0.257295656,7.441341904,0.782844516,9.505517064
68,7,35++,2008,53,5,senescing adult,2008,FinePix S5600,5,3.5,0,200,28.6,Normal,Cloudy,dry,5,17,5/17/2008,12:05:20,Prime,75.71,313.6,right,786.5,80.73,upcurved,0,0,higher right,1350.21,1538.69,262.44,non-musth,NA,NA,0,0,0,3,1.1395931,0.87750619,0.582501981,0.511149094,0.059790699,0.052466709,0.194369765,0.170560672,2.996875476,0.307613169,0.102644628,0.8765931,0.65650619,0.529501981,0.491149094,0.046790699,0.050466709,0.140369765,0.159560672,2.737875476,0.294613169,0.078644628,2.507971939,0.257429847,10.38832387,1.06630564,9.742351047
69,7,35++,2008,53,5,senescing adult,2008,FinePix S5600,5,3.2,NA,200,63,Normal,Daylight,wet,4,13,4/13/2008,16:16:01,Prime,89.81,316.29,right,794.45,82.3,upcurved,0,0,higher right,1408.15,NA,NA,pre/post-musth,TGS,foot,0,0,0,3,NA,NA,0.564179952,NA,0.058445478,NA,NA,NA,NA,NA,0.103593681,NA,NA,0.511179952,NA,0.045445478,NA,NA,NA,NA,NA,0.079593681,2.511777167,0.260204243,8.845896893,0.916379022,9.65309842
70,7,35++,2008,53,5,senescing adult,2008,FinePix S5600,5,3.3,NA,200,14.8,Normal,Daylight,wet,4,12,4/12/2008,17:13:54,Prime,132.1,253.01,left,606.334,65.84,upcurved,0,0,higher right,1068.71,1193.56,207.08,NA,NA,NA,0,0,0,4,1.116823086,0.895396964,0.567351293,0.508004625,0.061606984,0.055162707,0.193766316,0.173497771,2.928018157,0.317944756,0.108587016,0.853823086,0.674396964,0.514351293,0.488004625,0.048606984,0.053162707,0.139766316,0.162497771,2.669018157,0.304944756,0.084587016,2.396482352,0.260226869,4.58996215,0.498410295,9.209204131
71,7,35++,2008,53,5,senescing adult,2008,FinePix S5600,5,4.5,0,200,18.9,Normal,Daylight,dry,5,16,5/16/2008,23:44:41,Prime,148.95,276.32,right,736.31,72.12,upcurved,0,0,higher right,1200.38,NA,NA,NA,NA,foot,0,0,0,3,NA,NA,0.613397424,NA,0.060080974,NA,NA,NA,NA,NA,0.097947875,NA,NA,0.560397424,NA,0.047080974,NA,NA,NA,NA,NA,0.073947875,2.664700347,0.261001737,4.94333669,0.484189325,10.20951192
72,7,35++,2008,53,5,senescing adult,2008,FinePix S5600,5,5,0,200,63,Normal,Cloudy,dry,6,3,6/3/2008,10:26:38,Prime,37.34,215.15,left,495.21,56.26,upcurved,0,0,higher right,767.83,995.45,178.43,musth,"TGS, UD",foot,0,0,0,2,1.296445828,0.771339595,0.644947449,0.497473504,0.073271427,0.056517153,0.232382168,0.179245567,2.775374096,0.315305722,0.113608368,1.033445828,0.550339595,0.591947449,0.477473504,0.060271427,0.054517153,0.178382168,0.168245567,2.516374096,0.302305722,0.089608368,2.301696491,0.261491982,13.26218532,1.506695233,8.802168503
73,7,35++,2008,53,5,senescing adult,2008,FinePix S5600,5,3.5,0,200,28.6,Normal,Cloudy,dry,5,17,5/17/2008,12:03:44,Prime,61.39,317.55,right,779.95,83.36,upcurved,0,0,higher right,1394.83,1544.64,263.89,non-musth,NA,NA,0,0,0,3,1.10740377,0.903013,0.559172085,0.504939662,0.059763555,0.053967267,0.189191514,0.170842397,2.955587555,0.315889196,0.106878646,0.84440377,0.682013,0.506172085,0.484939662,0.046763555,0.051967267,0.135191514,0.159842397,2.696587555,0.302889196,0.082878646,2.456148638,0.262509841,12.70483792,1.357875876,9.35640595
74,7,35++,2008,53,5,senescing adult,2008,FinePix S5600,5,3.5,0,200,28.6,Normal,Cloudy,dry,5,17,5/17/2008,12:05:38,Prime,76.4,306.47,right,794.61,80.67,upcurved,0,0,higher right,1377.05,1546.22,266.23,non-musth,NA,NA,0,0,0,3,1.12284957,0.890591248,0.577037871,0.513904878,0.058581751,0.052172395,0.193333575,0.17218119,2.984674905,0.303008677,0.101521501,0.85984957,0.669591248,0.524037871,0.493904878,0.045581751,0.050172395,0.139333575,0.16118119,2.725674905,0.290008677,0.077521501,2.592782328,0.263223154,10.40065445,1.055890052,9.85013016
75,7,35++,2003,49,5,senescing adult,2004,NA,6.3,NA,NA,NA,NA,NA,NA,wet,2,10,2/10/2004,19:31,Prime,6.64,22.42,left,49.62,5.95,upcurved,0,0,NA,92.19,NA,NA,NA,NA,NA,0,0,0,NA,NA,NA,0.538236251,NA,0.064540623,NA,NA,NA,NA,NA,0.119911326,NA,NA,0.485236251,NA,0.051540623,NA,NA,NA,NA,NA,0.095911326,2.213202498,0.265388046,7.472891566,0.896084337,8.339495798
76,7,35++,2008,53,5,senescing adult,2008,FinePix S5600,5,3.5,0,200,28.6,Normal,Cloudy,dry,5,17,5/17/2008,12:11:01,Prime,126.92,302.3,left,767.64,80.29,upcurved,0,0,higher right,1254.05,1496.3,262.46,non-musth,NA,NA,0,0,0,3,1.193174116,0.838100648,0.612128703,0.513025463,0.06402456,0.053659026,0.209289901,0.175406001,2.924788539,0.305913282,0.104593299,0.930174116,0.617100648,0.559128703,0.493025463,0.05102456,0.051659026,0.155289901,0.164406001,2.665788539,0.292913282,0.080593299,2.53933179,0.265597089,6.048219351,0.632603215,9.560841948
77,7,35++,2005,50,5,senescing adult,2005,C740UZ,3.1,3.7,0,64,63,Normal,Auto,dry,5,8,5/8/2005,9:27:49,Prime,NA,122.06,left,248.99,32.83,upcurved,0,0,higher right,459.89,NA,NA,musth,"TGS, UD",foot,0,0,0,4,NA,NA,0.541412077,NA,0.071386636,NA,NA,NA,NA,NA,0.131852685,NA,NA,0.488412077,NA,0.058386636,NA,NA,NA,NA,NA,0.107852685,2.039898411,0.268966082,NA,NA,7.584221748
78,7,35++,2008,53,5,senescing adult,2008,FinePix S5600,5,3.5,0,200,28.6,Normal,Cloudy,dry,5,17,5/17/2008,12:11:04,Prime,107.94,298.22,left,760.15,80.32,upcurved,0,0,higher right,1261.84,1494.84,260.31,non-musth,NA,NA,0,0,0,3,1.184650986,0.844130476,0.602413935,0.508515962,0.063653078,0.053731503,0.206293983,0.174139038,2.920172102,0.308555184,0.105663356,0.921650986,0.623130476,0.549413935,0.488515962,0.050653078,0.051731503,0.152293983,0.163139038,2.661172102,0.295555184,0.081663356,2.548957146,0.269331366,7.042338336,0.744117102,9.464018924
79,7,35++,2003,49,5,senescing adult,2004,NA,6.3,NA,NA,NA,NA,NA,NA,wet,2,10,2/10/2004,19:31,Prime,7.8,22.48,left,50.57,6.07,upcurved,0,0,NA,87.8,NA,NA,non-musth,NA,foot,0,0,0,NA,NA,NA,0.575968109,NA,0.069134396,NA,NA,NA,NA,NA,0.120031639,NA,NA,0.522968109,NA,0.056134396,NA,NA,NA,NA,NA,0.096031639,2.24955516,0.270017794,6.483333333,0.778205128,8.331136738
80,7,35++,2008,53,5,senescing adult,2008,FinePix S5600,5,7.1,0,200,24.8,Normal,Cloudy,dry,5,17,5/17/2008,3:19:21,Prime,57.31,220.08,left,533.16,59.48,upcurved,0,0,higher right,926.33,NA,NA,non-musth,NA,foot,0,0,0,3,NA,NA,0.575561625,NA,0.064210379,NA,NA,NA,NA,NA,0.111561257,NA,NA,0.522561625,NA,0.051210379,NA,NA,NA,NA,NA,0.087561257,2.42257361,0.270265358,9.303088466,1.037864247,8.963685272
81,7,35++,2008,53,5,senescing adult,2008,NIKON D50,3.4,5.6,0,200,85,Fine,Shade,dry,5,16,5/16/2008,8:39:10,Prime,11.64,42.51,right,110.9,11.52,upcurved,0,0,higher right,178.7,NA,NA,musth,"TGS, UD",foot,0,0,0,4,NA,NA,0.620593173,NA,0.064465585,NA,NA,NA,NA,NA,0.103877367,NA,NA,0.567593173,NA,0.051465585,NA,NA,NA,NA,NA,0.079877367,2.60879793,0.27099506,9.527491409,0.989690722,9.626736111
82,7,35++,2008,53,5,senescing adult,2008,NIKON D50,3.4,5.6,0,200,85,Fine,Shade,dry,5,16,5/16/2008,8:39:11,Prime,12.2,41.48,right,110.54,11.371,upcurved,0,0,higher right,173.27,NA,NA,musth,"TGS, UD",foot,0,0,0,4,NA,NA,0.637963871,NA,0.065625902,NA,NA,NA,NA,NA,0.10286774,NA,NA,0.584963871,NA,0.052625902,NA,NA,NA,NA,NA,0.07886774,2.664898746,0.274132112,9.060655738,0.93204918,9.721220649
83,7,35++,2008,53,5,senescing adult,2008,FinePix S5600,5,4.5,0,200,18.9,Normal,Daylight,dry,5,16,5/16/2008,23:44:36,Prime,122.54,273.02,right,741.38,75.03,upcurved,0,0,higher right,1212.1,NA,NA,NA,NA,foot,0,0,0,3,NA,NA,0.611649204,NA,0.061900833,NA,NA,NA,NA,NA,0.101203162,NA,NA,0.558649204,NA,0.048900833,NA,NA,NA,NA,NA,0.077203162,2.71547872,0.274815032,6.050106088,0.612289865,9.881114221
84,7,35++,2008,53,5,senescing adult,2008,FinePix S5600,5,3.5,0,200,21.6,Normal,Daylight,dry,5,16,5/16/2008,23:39:49,Prime,256.22,333.93,right,830.72,92.33,upcurved,0,0,higher right,1276.86,NA,NA,NA,NA,foot,0,0,0,3,NA,NA,0.650595993,NA,0.072310198,NA,NA,NA,NA,NA,0.111144549,NA,NA,0.597595993,NA,0.059310198,NA,NA,NA,NA,NA,0.087144549,2.487707004,0.276495074,3.242213723,0.360354383,8.997292321
85,7,35++,2008,53,5,senescing adult,2008,FinePix S5600,5,3.5,0,200,38.6,Normal,Daylight,wet,4,13,4/13/2008,16:16:24,Prime,56.3,202.93,right,489.72,56.45,upcurved,0,0,higher right,883.35,NA,NA,pre/post-musth,TGS,foot,0,0,0,3,NA,NA,0.55438954,NA,0.063904455,NA,NA,NA,NA,NA,0.11526995,NA,NA,0.50138954,NA,0.050904455,NA,NA,NA,NA,NA,0.09126995,2.413245947,0.27817474,8.698401421,1.002664298,8.675287865
86,7,35++,2008,53,5,senescing adult,2008,FinePix S5600,5,3.5,0,200,38.6,Normal,Daylight,wet,4,13,4/13/2008,16:16:43,Prime,141.77,194.48,right,496.09,54.21,upcurved,0,0,higher right,877.42,NA,NA,pre/post-musth,TGS,foot,0,0,0,3,NA,NA,0.565396275,NA,0.06178341,NA,NA,NA,NA,NA,0.109274527,NA,NA,0.512396275,NA,0.04878341,NA,NA,NA,NA,NA,0.085274527,2.550853558,0.278743316,3.499259364,0.382379911,9.151263605
87,7,35++,2008,53,5,senescing adult,2008,FinePix S5600,5,5,0,200,24.8,Normal,Cloudy,dry,5,17,5/17/2008,12:08:26,Prime,56.86,260.16,right,702.18,72.8,upcurved,0,0,higher right,1225.36,1342.46,227.03,non-musth,NA,NA,0,0,0,3,1.095563753,0.912772075,0.57303976,0.523054691,0.059411112,0.054228804,0.185276164,0.169114908,3.092895212,0.320662468,0.10367712,0.832563753,0.691772075,0.52003976,0.503054691,0.046411112,0.052228804,0.131276164,0.158114908,2.833895212,0.307662468,0.07967712,2.699031365,0.279827798,12.34927893,1.280337671,9.64532967
88,7,35++,2005,50,5,senescing adult,2005,C750UZ,3.9,3.7,0,63,63,Normal,Auto,dry,5,7,5/7/2005,8:54:45,Prime,44.05,150.96,right,357.75,42.35,upcurved,0,0,higher right,663.36,NA,NA,musth,"TGS, UD",foot,0,0,0,4,NA,NA,0.539299928,NA,0.063841655,NA,NA,NA,NA,NA,0.118378756,NA,NA,0.486299928,NA,0.050841655,NA,NA,NA,NA,NA,0.094378756,2.369833068,0.280537891,8.121452894,0.961407491,8.447461629
89,7,35++,2000,45,5,senescing adult,2000,FinePix4700 ZOOM,1.2,7,0,200,17.3,Fine,Auto,wet,1,24,1/24/2000,3:58:17,Prime,51.45,82.54,right,153.54,23.19,upcurved,0,0,higher right,342.04,377.57,69.15,musth,"TGS, UD",NA,0,0,0,5,1.10387674,0.905898244,0.448894866,0.406653071,0.067799088,0.061419075,0.202169337,0.183144847,2.220390456,0.335357918,0.151035561,0.84087674,0.684898244,0.395894866,0.386653071,0.054799088,0.059419075,0.148169337,0.172144847,1.961390456,0.322357918,0.127035561,1.860188999,0.280954689,2.98425656,0.450728863,6.620957309
90,7,35++,2005,50,5,senescing adult,2005,C750UZ,3.9,4,0,50,12.7,Low,Auto,dry,5,7,5/7/2005,9:05:15,Prime,153,198.91,right,435.35,56.01,upcurved,0,0,higher right,823.95,958.87,169.94,musth,"TGS, UD",NA,0,0,0,4,1.1637478,0.859292709,0.52836944,0.454024007,0.067977426,0.058412506,0.206250379,0.177229447,2.561786513,0.329586913,0.128655105,0.9007478,0.638292709,0.47536944,0.434024007,0.054977426,0.056412506,0.152250379,0.166229447,2.302786513,0.316586913,0.104655105,2.188678297,0.281584636,2.845424837,0.366078431,7.772719157
91,7,35++,2004,49,5,senescing adult,2004,C740UZ,3.1,3.7,0,64,63,Normal,Auto,dry,5,16,5/16/2004,13:06:18,Prime,91.44,139.32,right,292.08,39.71,upcurved,0,0,higher right,617.48,674.84,120.99,musth,"TGS, UD",NA,0,0,0,3,1.092893697,0.915002075,0.473019369,0.432813704,0.064309775,0.058843578,0.195941569,0.179286942,2.414083809,0.328208943,0.135955902,0.829893697,0.694002075,0.420019369,0.412813704,0.051309775,0.056843578,0.141941569,0.168286942,2.155083809,0.315208943,0.111955902,2.096468562,0.285027275,3.194225722,0.434273841,7.355326114
92,7,35++,2008,53,5,senescing adult,2008,FinePix S5600,5,5,0,200,21.6,Normal,Daylight,dry,5,16,5/16/2008,23:40:13,Prime,238.62,322.41,right,827.29,92.04,upcurved,0,0,higher right,1352.94,NA,NA,NA,NA,foot,0,0,0,3,NA,NA,0.611475749,NA,0.068029624,NA,NA,NA,NA,NA,0.11125482,NA,NA,0.558475749,NA,0.055029624,NA,NA,NA,NA,NA,0.08725482,2.565956391,0.285475016,3.466976783,0.385717878,8.98837462
93,7,35++,2005,50,5,senescing adult,2005,C740UZ,3.1,4,0,64,13.4,Normal,Auto,dry,5,8,5/8/2005,9:41:00,Prime,70.26,144.28,right,359.09,41.39,upcurved,0,0,higher right,652.84,717.69,118.69,musth,"TGS, UD",foot,0,0,0,3,1.099335212,0.909640653,0.55004289,0.500341373,0.063399914,0.057671139,0.181805649,0.165377809,3.025444435,0.348723566,0.115263583,0.836335212,0.688640653,0.49704289,0.480341373,0.050399914,0.055671139,0.127805649,0.154377809,2.766444435,0.335723566,0.091263583,2.488841142,0.286872747,5.110873897,0.589097637,8.675767094
94,7,35++,2004,49,5,senescing adult,2004,C740UZ,3.1,3.7,0,64,63,Normal,Auto,dry,5,16,5/16/2004,13:06:11,Prime,49.11,135.46,right,316.02,39.47,upcurved,0,0,higher right,572.24,683.11,112.73,musth,"TGS, UD",NA,0,0,0,3,1.193747379,0.837698175,0.552250804,0.46261949,0.068974556,0.05777986,0.196997763,0.165024667,2.803335403,0.350128626,0.124897158,0.930747379,0.616698175,0.499250804,0.44261949,0.055974556,0.05577986,0.142997763,0.154024667,2.544335403,0.337128626,0.100897158,2.332939613,0.291377528,6.434941967,0.803705966,8.006587281
95,7,35++,2008,53,5,senescing adult,2008,FinePix S5600,5,5.6,0,200,18.9,Normal,Cloudy,dry,6,3,6/3/2008,10:25:24,Prime,61.53,72.25,left,181.23,22.19,upcurved,0,0,higher right,300.29,NA,61.06,musth,"TGS, UD",foot,0,0,0,2,NA,NA,0.603516601,NA,0.073895235,NA,0.203336774,NA,2.968064199,0.363413036,0.122441097,NA,NA,0.550516601,NA,0.060895235,NA,0.149336774,NA,2.709064199,0.350413036,0.098441097,2.508373702,0.307128028,2.945392491,0.360637088,8.167192429
96,7,35++,2004,49,5,senescing adult,2004,C740UZ,3.1,3.7,0,64,63,Normal,Auto,dry,5,16,5/16/2004,13:06:25,Prime,62.34,134.2,right,322.19,42.26,upcurved,0,0,higher right,594.08,NA,NA,musth,"TGS, UD",foot,0,0,0,3,NA,NA,0.542334366,NA,0.071135201,NA,NA,NA,NA,NA,0.131164841,NA,NA,0.489334366,NA,0.058135201,NA,NA,NA,NA,NA,0.107164841,2.400819672,0.31490313,5.168270773,0.677895412,7.623994321
97,7,35++,2003,48,5,senescing adult,2003,C740UZ,3.1,3.2,0,141,24.8,Normal,Auto,dry,7,10,7/10/2003,16:51:46,Prime,NA,184.16,left,377.48,50.95,upcurved,0,0,higher right,712.38,885.73,NA,pre/post-musth,TGS,NA,0,0,0,4,1.243339229,0.80428573,0.529885735,0.426179536,0.071520818,0.057523173,NA,NA,NA,NA,0.134974038,0.980339229,0.58328573,0.476885735,0.406179536,0.058520818,0.055523173,NA,NA,NA,NA,0.110974038,NA,NA,NA,NA,7.408832188
98,7,35++,2003,49,5,senescing adult,2004,NA,6.3,NA,NA,NA,NA,NA,NA,wet,2,10,2/10/2004,19:31,Prime,NA,NA,right,70.6,9.57,upcurved,0,0,NA,143.83,NA,NA,musth,"TGS, UD",foot,0,0,0,3,NA,NA,0.490857262,NA,0.066536884,NA,NA,NA,NA,NA,0.135552408,NA,NA,0.437857262,NA,0.053536884,NA,NA,NA,NA,NA,0.111552408,NA,NA,NA,NA,7.377220481
99,7,35++,2008,53,5,senescing adult,2008,FinePix S5600,5,7.1,0,200,13.3,Normal,Daylight,dry,5,16,5/16/2008,23:36:03,Prime,NA,NA,right,525.64,53.49,upcurved,0,0,higher right,804.68,NA,NA,NA,NA,foot,0,0,0,3,NA,NA,0.653228613,NA,0.066473629,NA,NA,NA,NA,NA,0.101761662,NA,NA,0.600228613,NA,0.053473629,NA,NA,NA,NA,NA,0.077761662,NA,NA,NA,NA,9.82688353
100,7,35++,2008,53,5,senescing adult,2008,FinePix S5600,5,7.1,0,200,13.3,Normal,Daylight,dry,5,16,5/16/2008,23:36:06,Prime,NA,NA,right,519.59,54.2,upcurved,0,0,higher right,807.74,NA,NA,NA,NA,foot,0,0,0,3,NA,NA,0.643263922,NA,0.0671008,NA,NA,NA,NA,NA,0.104313016,NA,NA,0.590263922,NA,0.0541008,NA,NA,NA,NA,NA,0.080313016,NA,NA,NA,NA,9.586531365
101,7,35++,2008,53,5,senescing adult,2008,FinePix S5600,5,6.4,0,200,13.3,Normal,Daylight,dry,5,16,5/16/2008,23:36:11,Prime,NA,NA,right,523.49,54.68,upcurved,0,0,higher right,797.79,NA,NA,NA,NA,foot,0,0,0,3,NA,NA,0.656175184,NA,0.06853934,NA,NA,NA,NA,NA,0.104452807,NA,NA,0.603175184,NA,0.05553934,NA,NA,NA,NA,NA,0.080452807,NA,NA,NA,NA,9.573701536
102,8,35+,2005,27,4,prime adult,2005,CYBERSHOT,4.9,5.6,0,100,48.5,NA,Auto,wet,12,17,12/17/2005,23:42:38,Prime,49.68,169.36,left,238.64,34.06,upcurved,0,0,higher right,735.21,NA,141.07,pre/post-musth,TGS,NA,0,0,0,3,NA,NA,0.324587533,NA,0.0463269,NA,0.191877151,NA,1.691642447,0.24144042,0.142725444,NA,NA,0.271587533,NA,0.0333269,NA,0.137877151,NA,1.432642447,0.22844042,0.118725444,1.409069438,0.201110061,4.803542673,0.685587762,7.00645919
103,8,35+,2005,29,4,prime adult,2007,DSC-W50,5.9,5.2,0,80,18.9,NA,Auto,dry,8,13,8/13/2007,4:09:55,Prime,129.22,307.56,right,466.22,63.12,upcurved,0,0,parallel,1203.67,1506.52,267,non-musth,NA,NA,0,0,0,5,1.251605506,0.798973794,0.387332076,0.309468178,0.052439622,0.041897884,0.221821596,0.177229642,1.746142322,0.236404494,0.135386727,0.988605506,0.577973794,0.334332076,0.289468178,0.039439622,0.039897884,0.167821596,0.166229642,1.487142322,0.223404494,0.111386727,1.515866823,0.205228248,3.607955425,0.488469277,7.386248416
104,8,35+,2005,29,4,prime adult,2007,FinePix S5600,5,5.6,0,200,63,Fine,Auto,wet,4,21,4/21/2007,13:15:46,Prime,44.49,161.56,left,240.71,34.25,upcurved,0,0,parallel,676.96,822.43,141.26,NA,NA,NA,0,0,0,3,1.214887143,0.823121725,0.355574923,0.292681444,0.050593831,0.041644882,0.208668164,0.171759299,1.704020954,0.242460711,0.1422874,0.951887143,0.602121725,0.302574923,0.272681444,0.037593831,0.039644882,0.154668164,0.160759299,1.445020954,0.229460711,0.1182874,1.489910869,0.211995543,5.41042931,0.769835918,7.028029197
105,8,35+,2005,27,4,prime adult,2005,C750UZ,3.9,3.7,0,100,63,Normal,Auto,dry,7,13,7/13/2005,13:45:07,Prime,164.83,274.15,left,444.67,60.38,upcurved,0,0,parallel,1087.51,1421.35,NA,non-musth,NA,foot,0,0,0,4,1.306976488,0.765124705,0.408888194,0.312850459,0.055521329,0.04248074,NA,NA,NA,NA,0.135786089,1.043976488,0.544124705,0.355888194,0.292850459,0.042521329,0.04048074,NA,NA,NA,NA,0.111786089,1.621995258,0.220244392,2.697749196,0.366316811,7.364524677
106,8,35+,2005,27,4,prime adult,2005,NIKON D70,6,9,0,400,70,Normal,Auto,wet,12,12,12/12/2005,11:11:54,Prime,21.9,68.65,left,98.36,15.19,upcurved,0,0,NA,270.21,NA,NA,pre/post-musth,TGS,foot,0,0,0,3,NA,NA,0.364013175,NA,0.056215536,NA,NA,NA,NA,NA,0.154432696,NA,NA,0.311013175,NA,0.043215536,NA,NA,NA,NA,NA,0.130432696,1.432774945,0.221267298,4.491324201,0.693607306,6.475312706
107,8,35+,2005,27,4,prime adult,2005,CYBERSHOT,4.9,5.6,0,100,23.8,NA,Auto,wet,12,18,12/18/2005,12:12:30,Prime,32.99,165.11,left,213.14,37.22,upcurved,0,0,NA,658.72,861.27,144.02,pre/post-musth,TGS,NA,0,0,0,3,1.307490284,0.764824039,0.323566918,0.247471757,0.056503522,0.043215252,0.218636143,0.167218178,1.479933343,0.258436328,0.174627006,1.044490284,0.543824039,0.270566918,0.227471757,0.043503522,0.041215252,0.164636143,0.156218178,1.220933343,0.245436328,0.150627006,1.290896978,0.225425474,6.460745681,1.128220673,5.726491134
108,8,35+,2005,27,4,prime adult,2005,NIKON D70,6,11,0,400,70,Normal,Auto,wet,12,12,12/12/2005,11:57:39,Prime,10.26,43.63,left,53.39,9.87,upcurved,0,0,NA,162.82,NA,NA,pre/post-musth,TGS,foot,0,0,0,3,NA,NA,0.327908119,NA,0.060619089,NA,NA,NA,NA,NA,0.18486608,NA,NA,0.274908119,NA,0.047619089,NA,NA,NA,NA,NA,0.16086608,1.223699289,0.22622049,5.203703704,0.961988304,5.409321175
109,8,35+,2005,27,4,prime adult,2005,C750UZ,3.9,3.7,0,151,63,Normal,Auto,dry,8,16,8/16/2005,12:10:02,Prime,87.05,288.34,right,408.66,65.53,upcurved,0,0,NA,NA,1463.24,249.21,non-musth,NA,foot,0,0,0,4,NA,NA,NA,0.279284328,NA,0.044784178,NA,0.170313824,1.639821837,0.262950925,0.16035335,NA,NA,NA,0.259284328,NA,0.042784178,NA,0.159313824,1.380821837,0.249950925,0.13635335,1.417285149,0.227266422,4.694543366,0.752785755,6.236227682
110,8,35+,2005,30,4,prime adult,2008,Canon PowerShot S3 IS,5.9,3.5,0,100,72,SuperFine,Daylight,dry,5,2,5/2/2008,9:19:00,Prime,43.82,146.71,right,224.43,33.53,upcurved,0,0,higher right,NA,740.43,128.86,non-musth,NA,anal flap,0,0,0,3,NA,NA,NA,0.303107654,NA,0.045284497,NA,0.174034007,1.741657613,0.260204874,0.149400704,NA,NA,NA,0.283107654,NA,0.043284497,NA,0.163034007,1.482657613,0.247204874,0.125400704,1.529752573,0.228546111,5.121633957,0.765175719,6.693408888
111,8,35+,2005,27,4,prime adult,2005,CYBERSHOT,4.9,4.5,0,100,31.4,NA,Auto,wet,12,18,12/18/2005,1:17:49,Prime,200.49,270.6,right,345.19,62.06,upcurved,0,0,parallel,939.23,1298.67,200.35,pre/post-musth,TGS,NA,0,0,0,4,1.382696464,0.72322453,0.367524462,0.265802706,0.066075402,0.047787352,0.213313033,0.154273218,1.722934864,0.309757924,0.179785046,1.119696464,0.50222453,0.314524462,0.245802706,0.053075402,0.045787352,0.159313033,0.143273218,1.463934864,0.296757924,0.155785046,1.275646711,0.229342203,1.721731757,0.309541623,5.562197873
112,8,35+,2005,27,4,prime adult,2005,CYBERSHOT,4.9,5,0,100,31.4,NA,Auto,wet,12,18,12/18/2005,1:18:00,Prime,220.86,271.07,right,329.68,63.08,upcurved,0,0,parallel,982.36,1305.74,223.02,pre/post-musth,TGS,NA,0,0,0,4,1.329186856,0.752339669,0.335599984,0.252485181,0.064212712,0.048309771,0.227024716,0.1707997,1.478253071,0.282844588,0.191337054,1.066186856,0.531339669,0.282599984,0.232485181,0.051212712,0.046309771,0.173024716,0.1597997,1.219253071,0.269844588,0.167337054,1.216217213,0.232707419,1.492710314,0.285610794,5.226379201
113,8,35+,2005,29,4,prime adult,2007,DSC-W50,5.9,5.2,0,80,18.9,NA,Auto,dry,8,13,8/13/2007,4:11:03,Prime,119.88,296.12,right,452.74,69.14,upcurved,0,0,parallel,1281.73,1491.06,265.36,non-musth,NA,NA,0,0,0,4,1.163318328,0.859609942,0.353225718,0.303636339,0.053942718,0.046369697,0.207032682,0.177967352,1.706135062,0.260551703,0.152714582,0.900318328,0.638609942,0.300225718,0.283636339,0.040942718,0.044369697,0.153032682,0.166967352,1.447135062,0.247551703,0.128714582,1.5289072,0.233486424,3.776609943,0.57674341,6.548163147
114,8,35+,2005,29,4,prime adult,2007,DSC-W50,5.9,5.2,0,80,18.9,NA,Auto,dry,8,13,8/13/2007,4:11:31,Prime,89.94,314.43,right,477.6,74.17,upcurved,0,0,splayed,1326.67,1670.07,285.08,non-musth,NA,NA,0,0,0,5,1.258843571,0.794379876,0.359999095,0.285976037,0.055906895,0.044411312,0.214883882,0.170699432,1.675319209,0.260172583,0.15529732,0.995843571,0.573379876,0.306999095,0.265976037,0.042906895,0.042411312,0.160883882,0.159699432,1.416319209,0.247172583,0.13129732,1.518939033,0.235887161,5.310206805,0.824660885,6.439261157
115,8,35+,2005,29,4,prime adult,2007,DSC-W50,5.9,5.2,0,80,18.9,NA,Auto,dry,8,13,8/13/2007,4:11:40,Prime,103.41,327.02,right,496.93,77.98,upcurved,0,0,parallel,1378.85,1672,285.48,non-musth,NA,NA,0,0,0,4,1.212604707,0.824671053,0.360394532,0.297206938,0.056554375,0.046638756,0.2070421,0.170741627,1.74068236,0.273153986,0.15692351,0.949604707,0.603671053,0.307394532,0.277206938,0.043554375,0.044638756,0.1530421,0.159741627,1.48168236,0.260153986,0.13292351,1.519570668,0.238456364,4.805434677,0.754085678,6.372531418
116,8,35+,2005,25,4,prime adult,2003,C750UZ,3.9,3.2,0,50,39.8,Normal,Auto,wet,1,1,1/1/2003,12:36:54,Prime,NA,130.12,right,177.09,31.16,upcurved,0,0,NA,415.75,650.57,104.83,NA,NA,NA,0,0,0,3,1.564810583,0.639054983,0.425953097,0.272207449,0.074948888,0.04789646,0.252146723,0.16113562,1.689306496,0.297243156,0.175955729,1.301810583,0.418054983,NA,0.252207449,NA,0.04589646,NA,0.15013562,1.430306496,0.284243156,0.151955729,1.360974485,0.239471257,NA,NA,5.683247754
117,8,35+,2005,28,4,prime adult,2006,C765UZ,3.9,3.5,0,64,47.8,Normal,Auto,wet,4,17,4/17/2006,12:37:36,Prime,49.4,285.81,left,379.27,68.73,upcurved,0,0,NA,1140.25,NA,NA,NA,NA,foot,0,0,0,5,NA,NA,0.332620039,NA,0.060276255,NA,NA,NA,NA,NA,0.181216548,NA,NA,0.279620039,NA,0.047276255,NA,NA,NA,NA,NA,0.157216548,1.327000455,0.240474441,7.677530364,1.391295547,5.518259857
118,8,35+,2005,27,4,prime adult,2005,C750UZ,3.9,3.7,0,100,63,Normal,Auto,dry,7,13,7/13/2005,13:44:49,Prime,86.27,255.77,left,351.89,61.52,upcurved,0,0,parallel,902.47,NA,NA,non-musth,NA,foot,0,0,0,5,NA,NA,0.389918778,NA,0.068168471,NA,NA,NA,NA,NA,0.174827361,NA,NA,0.336918778,NA,0.055168471,NA,NA,NA,NA,NA,0.150827361,1.375806389,0.2405286,4.078938217,0.713110003,5.719928479
119,8,35+,2005,27,4,prime adult,2005,CYBERSHOT,4.9,6.3,0,100,48.5,NA,Auto,wet,12,17,12/17/2005,23:43:43,Prime,127.58,193.04,left,268.4,46.44,upcurved,0,0,higher right,706.76,956.82,151.83,pre/post-musth,TGS,anal flap,0,0,0,NA,1.353811761,0.738655128,0.379761164,0.280512531,0.065708303,0.048535775,0.2148254,0.158681884,1.767766581,0.305868405,0.173025335,1.090811761,0.517655128,0.326761164,0.260512531,0.052708303,0.046535775,0.1608254,0.147681884,1.508766581,0.292868405,0.149025335,1.390385412,0.240571902,2.103778022,0.364006898,5.779500431
120,8,35+,2005,27,4,prime adult,2005,CYBERSHOT,4.9,6.3,0,100,48.5,NA,Auto,wet,12,17,12/17/2005,23:53:29,Prime,99.93,141.23,left,185.71,33.98,upcurved,0,0,higher right,536.74,706.24,113.75,pre/post-musth,TGS,NA,0,0,0,3,1.315795357,0.759996602,0.345996199,0.262955936,0.063308119,0.048113956,0.211927563,0.161064227,1.632615385,0.298725275,0.182973453,1.052795357,0.538996602,0.292996199,0.242955936,0.050308119,0.046113956,0.157927563,0.150064227,1.373615385,0.285725275,0.158973453,1.314947249,0.240600439,1.858400881,0.340038027,5.46527369
121,8,35+,2005,27,4,prime adult,2005,CYBERSHOT,4.9,5.6,0,100,48.5,NA,Auto,wet,12,17,12/17/2005,23:44:15,Prime,144.85,242.74,left,347.52,58.51,upcurved,0,0,higher right,933.53,1257.23,197.04,pre/post-musth,TGS,anal flap,0,0,0,4,1.346748364,0.742529211,0.372264416,0.276417203,0.062676079,0.046538819,0.21106981,0.1567255,1.763702801,0.296944783,0.168364411,1.083748364,0.521529211,0.319264416,0.256417203,0.049676079,0.044538819,0.15706981,0.1457255,1.504702801,0.283944783,0.144364411,1.431655269,0.241039796,2.399171557,0.403935105,5.939497522
122,8,35+,2005,29,4,prime adult,2007,DSC-W50,5.9,5.2,0,80,18.9,NA,Auto,dry,8,13,8/13/2007,4:10:03,Prime,127.63,299.87,right,465.66,72.53,upcurved,0,0,NA,1320.4,1509.72,266.81,non-musth,NA,NA,0,0,0,5,1.143380794,0.874599263,0.352665859,0.3084413,0.054930324,0.048042021,0.202067555,0.176728135,1.745286908,0.271841385,0.15575742,0.880380794,0.653599263,0.299665859,0.2884413,0.041930324,0.046042021,0.148067555,0.165728135,1.486286908,0.258841385,0.13175742,1.552872912,0.241871478,3.648515239,0.568283319,6.420239901
123,8,35+,2005,27,4,prime adult,2005,C750UZ,3.9,3.7,0,138,63,Normal,Auto,dry,8,16,8/16/2005,11:55:56,Prime,204.28,296.01,left,397.1,71.62,upcurved,0,0,higher right,1248.55,NA,NA,non-musth,NA,foot,0,0,0,4,NA,NA,0.318048937,NA,0.057362541,NA,NA,NA,NA,NA,0.180357593,NA,NA,0.265048937,NA,0.044362541,NA,NA,NA,NA,NA,0.156357593,1.341508733,0.241951285,1.943900529,0.35059722,5.544540631
124,8,35+,2005,27,4,prime adult,2005,CYBERSHOT,4.9,5.6,0,100,48.5,NA,Auto,wet,12,17,12/17/2005,23:47:06,Prime,81.49,276.93,left,394.07,67.05,upcurved,0,0,higher right,1110.03,1411.63,214.52,pre/post-musth,TGS,NA,0,0,0,3,1.271704368,0.786346281,0.355008423,0.279159553,0.060403773,0.047498282,0.193256038,0.151966167,1.836984897,0.31255827,0.170147436,1.008704368,0.565346281,0.302008423,0.259159553,0.047403773,0.045498282,0.139256038,0.140966167,1.577984897,0.29955827,0.146147436,1.422994981,0.242118947,4.835808075,0.822800344,5.877255779
125,8,35+,2005,30,4,prime adult,2008,Canon PowerShot S3 IS,5.9,4,0,100,47.4,SuperFine,Daylight,dry,5,2,5/2/2008,9:22:14,Prime,102.04,162.84,left,275.81,39.64,upcurved,0,0,higher right,NA,843.69,146.5,non-musth,NA,anal flap,0,0,0,NA,NA,NA,NA,0.326909173,NA,0.046984082,NA,0.173641978,1.882662116,0.270580205,0.143722128,NA,NA,NA,0.306909173,NA,0.044984082,NA,0.162641978,1.623662116,0.257580205,0.119722128,1.693748465,0.243429133,2.702959624,0.388475108,6.957870838
126,8,35+,2005,27,4,prime adult,2005,C750UZ,3.9,3.7,0,100,63,Normal,Auto,dry,7,13,7/13/2005,13:45:18,Prime,161.68,256.45,left,359.76,63.35,upcurved,0,0,higher right,1100.77,1420.74,NA,non-musth,NA,foot,0,0,0,4,1.290678343,0.774786379,0.326825767,0.253220153,0.057550624,0.044589439,NA,NA,NA,NA,0.176089615,1.027678343,0.553786379,0.273825767,0.233220153,0.044550624,0.042589439,NA,NA,NA,NA,0.152089615,1.402846559,0.247026711,2.225136071,0.391823355,5.678926598
127,8,35+,2005,27,4,prime adult,2005,C740UZ,3.1,3.7,0,64,63,Normal,Auto,dry,8,23,8/23/2005,13:48:17,Prime,54.46,98.83,left,138.99,24.8,upcurved,0,0,higher right,420.36,518.28,85.04,non-musth,NA,foot,0,0,0,3,1.232943192,0.811067377,0.330645161,0.268175504,0.05899705,0.047850583,0.202302788,0.164081192,1.634407338,0.291627469,0.178430103,0.969943192,0.590067377,0.277645161,0.248175504,0.04599705,0.045850583,0.148302788,0.153081192,1.375407338,0.278627469,0.154430103,1.406354346,0.250935951,2.552148366,0.455380095,5.604435484
128,8,35+,2005,28,4,prime adult,2006,Canon DIGITAL IXUS II,3.1,3.9,0,50,10.8,Fine,Auto,dry,10,5,10/5/2006,16:44:44,Prime,65.16,97.15,left,148.48,24.72,upcurved,0,0,higher right,396.13,NA,NA,non-musth,NA,foot,0,0,0,2,NA,NA,0.374826446,NA,0.062403756,NA,NA,NA,NA,NA,0.166487069,NA,NA,0.321826446,NA,0.049403756,NA,NA,NA,NA,NA,0.142487069,1.528358209,0.254451879,2.278698588,0.379373849,6.006472492
129,8,35+,2005,29,4,prime adult,2007,FinePix S5600,5,3.2,0,64,63,Fine,Auto,wet,4,21,4/21/2007,13:14:47,Prime,38.36,115.63,left,173.7,29.49,upcurved,0,0,NA,469.03,594.87,NA,non-musth,NA,NA,0,0,0,2,1.268298403,0.788457982,0.370338784,0.291996571,0.062874443,0.049573856,NA,NA,NA,NA,0.169775475,1.005298403,0.567457982,0.317338784,0.271996571,0.049874443,0.047573856,NA,NA,NA,NA,0.145775475,1.50220531,0.25503762,4.528154327,0.768769552,5.890132248
130,8,35+,2005,27,4,prime adult,2005,CYBERSHOT,4.9,6.3,0,100,48.5,NA,Auto,wet,12,17,12/17/2005,23:53:25,Prime,100.41,140.23,left,189.27,36.53,upcurved,0,0,higher right,537.36,701.14,115.65,pre/post-musth,TGS,NA,0,0,0,3,1.304786363,0.766408991,0.352221974,0.269946088,0.067980497,0.052100864,0.215218848,0.16494566,1.636575875,0.31586684,0.193004702,1.041786363,0.545408991,0.299221974,0.249946088,0.054980497,0.050100864,0.161218848,0.15394566,1.377575875,0.30286684,0.169004702,1.349711189,0.260500606,1.884971616,0.363808386,5.181220914
131,8,35+,2005,25,4,prime adult,2003,C750UZ,3.9,3.2,0,50,39.8,Normal,Auto,wet,1,1,1/1/2003,12:34:19,Prime,NA,NA,right,383.47,75.8,upcurved,0,0,NA,1021.35,NA,NA,NA,NA,foot,0,0,0,3,NA,NA,0.375454056,NA,0.074215499,NA,NA,NA,NA,NA,0.197668657,NA,NA,0.322454056,NA,0.061215499,NA,NA,NA,NA,NA,0.173668657,NA,NA,NA,NA,5.058970976
132,8,35+,2005,27,4,prime adult,2005,C750UZ,3.9,3.7,0,100,63,Normal,Auto,dry,7,13,7/13/2005,13:45:01,Prime,150.64,254.52,right,363.18,61.56,upcurved,0,0,NA,158.5,1414.64,NA,pre/post-musth,NA,foot,0,0,0,3,NA,0.11204264,NA,0.256729627,0.065930599,0.007387038,NA,NA,NA,NA,0.028773611,NA,-0.10895736,NA,0.236729627,NA,NA,NA,NA,NA,NA,NA,1.426921264,NA,2.410913436,0.069370685,5.899610136
133,8,35+,2005,30,4,prime adult,2008,Canon DIGITAL IXUS 55,5,4.9,0,50,17.4,Fine,Auto,wet,3,8,3/8/2008,15:03:49,Prime,NA,NA,left,116.09,18.81,upcurved,0,0,higher right,369.18,NA,NA,non-musth,NA,foot,0,0,0,3,NA,NA,0.314453654,NA,0.050950756,NA,NA,NA,NA,NA,0.16202946,NA,NA,0.261453654,NA,0.037950756,NA,NA,NA,NA,NA,0.13802946,NA,NA,NA,NA,6.171717172
134,9,26,2002,24,3,adult,2002,Canon PowerShot S40,3.9,4.9,0,50,21.3,SuperFine,Auto,wet,12,22,12/22/2002,16:34:20,Prime,51.37,78.55,right,99.21,15.37,upcurved,0,0,higher left,362.08,NA,NA,NA,NA,foot,0,0,0,3,NA,NA,0.274000221,NA,0.042449183,NA,NA,NA,NA,NA,0.154923899,NA,NA,0.221000221,NA,0.029449183,NA,NA,NA,NA,NA,0.130923899,1.263017187,0.195671547,1.93128285,0.299201869,6.454782043
135,9,29,2005,27,3,adult,2005,C750UZ,3.9,3.2,0,50,24.8,Normal,Auto,wet,1,10,1/10/2005,12:11:53,Prime,29.86,131.94,right,168.87,25.88,upcurved,0,0,NA,587.9,NA,NA,non-musth,NA,foot,0,0,0,3,NA,NA,0.287242728,NA,0.044021092,NA,NA,NA,NA,NA,0.153253982,NA,NA,0.234242728,NA,0.031021092,NA,NA,NA,NA,NA,0.129253982,1.279899955,0.196149765,5.655391829,0.866711319,6.52511592
136,9,32,2008,30,3,adult,2008,NIKON D50,3.4,5.6,0,200,300,Fine,Shade,dry,5,13,5/13/2008,12:04:04,Prime,NA,47.86,right,67.24,9.56,upcurved,0,0,NA,206.89,NA,NA,NA,NA,foot,0,0,0,4,NA,NA,0.325003625,NA,0.04620813,NA,NA,NA,NA,NA,0.142177275,NA,NA,0.272003625,NA,0.03320813,NA,NA,NA,NA,NA,0.118177275,1.404931049,0.199749269,NA,NA,7.033472803
137,9,29,2005,27,3,adult,2005,C750UZ,3.9,3.7,0,69,63,Normal,Auto,wet,1,10,1/10/2005,12:45:06,Prime,120.91,267.82,right,359.8,54.34,upcurved,0,0,parallel,1168.37,NA,NA,non-musth,NA,foot,0,0,0,3,NA,NA,0.307950392,NA,0.046509239,NA,NA,NA,NA,NA,0.151028349,NA,NA,0.254950392,NA,0.033509239,NA,NA,NA,NA,NA,0.127028349,1.343439624,0.202897468,2.975767099,0.449425192,6.621273463
138,9,32,2002,30,3,adult,2008,C740UZ,3.1,4,0,64,34.7,Normal,Auto,dry,6,17,6/17/2008,14:20,Prime,49.31,175.12,right,235.82,36.02,upcurved,0,0,NA,818.9,NA,NA,non-musth,NA,foot,0,0,0,4,NA,NA,0.287971669,NA,0.043985835,NA,NA,NA,NA,NA,0.152743618,NA,NA,0.234971669,NA,0.030985835,NA,NA,NA,NA,NA,0.128743618,1.346619461,0.205687529,4.78239708,0.730480633,6.546918379
139,9,30,2006,28,3,adult,2006,NIKON D50,6,6,0,400,110,Normal,Auto,wet,12,5,12/5/2006,10:24:14,Prime,15.82,59.29,left,95.59,12.21,upcurved,0,0,NA,246.62,NA,NA,non-musth,NA,foot,0,0,0,3,NA,NA,0.387600357,NA,0.049509367,NA,NA,NA,NA,NA,0.127733026,NA,NA,0.334600357,NA,0.036509367,NA,NA,NA,NA,NA,0.103733026,1.612244898,0.20593692,6.042351454,0.771807838,7.828828829
140,9,32,2002,30,3,adult,2008,C740UZ,3.1,3.5,0,64,50.9,Normal,Auto,dry,6,17,6/17/2008,14:20,Prime,154.03,242.13,left,345.54,50.25,upcurved,0,0,NA,1011.68,1242.85,196.26,NA,NA,NA,0,0,0,4,1.228501107,0.81400008,0.341550688,0.278022287,0.049669856,0.040431267,0.193994148,0.157911252,1.760623662,0.256037909,0.145424553,0.965501107,0.59300008,0.288550688,0.258022287,0.036669856,0.038431267,0.139994148,0.146911252,1.501623662,0.243037909,0.121424553,1.427084624,0.207533143,2.243329222,0.326235149,6.87641791
141,9,31,2007,29,3,adult,2007,Canon PowerShot S3 IS,5.9,4,0,100,45.2,SuperFine,Auto,dry,6,15,6/15/2007,10:11:20,Prime,47.05,117.08,left,128.54,24.87,upcurved,0,1,higher left,512.63,582.29,101.05,non-musth,NA,NA,0,0,0,4,1.135887482,0.880368888,0.250746152,0.220749111,0.048514523,0.042710677,0.19712073,0.173538958,1.272043543,0.246115784,0.193480629,0.872887482,0.659368888,0.197746152,0.200749111,0.035514523,0.040710677,0.14312073,0.162538958,1.013043543,0.233115784,0.169480629,1.09788179,0.212418859,2.731987248,0.52858661,5.168476076
142,9,30,2006,28,3,adult,2006,NIKON D50,6,6,0,400,110,Normal,Auto,wet,12,5,12/5/2006,10:24:11,Prime,17.17,58.99,left,95.49,12.55,upcurved,0,0,higher left,246.03,NA,NA,non-musth,NA,foot,0,0,0,3,NA,NA,0.3881234,NA,0.051010039,NA,NA,NA,NA,NA,0.131427375,NA,NA,0.3351234,NA,0.038010039,NA,NA,NA,NA,NA,0.107427375,1.61874894,0.212747923,5.56144438,0.730926034,7.60876494
143,9,NA,2005,27,NA,NA,2005,C750UZ,3.9,3.2,0,50,26.4,Normal,Auto,wet,1,10,1/10/2005,12:10:25,Prime,104.06,137.93,right,183.56,29.55,upcurved,0,0,NA,612.03,734.01,128.58,non-musth,NA,NA,0,0,0,3,1.199303956,0.833816978,0.299919939,0.250078337,0.048281947,0.040258307,0.210087741,0.175174725,1.427593716,0.229818012,0.160982785,0.936303956,0.612816978,0.246919939,0.230078337,0.035281947,0.038258307,0.156087741,0.164174725,1.168593716,0.216818012,0.136982785,1.330819981,0.214239107,1.763982318,0.283970786,6.211844332
144,9,32,2008,30,3,adult,2008,NIKON D50,3.4,5.6,0,200,300,Fine,Shade,dry,5,13,5/13/2008,12:04:00,Prime,24.96,46.72,right,66.94,10.01,upcurved,0,0,higher left,199.15,NA,NA,NA,NA,foot,0,0,0,5,NA,NA,0.336128546,NA,0.05026362,NA,NA,NA,NA,NA,0.149536899,NA,NA,0.283128546,NA,0.03726362,NA,NA,NA,NA,NA,0.125536899,1.432791096,0.214255137,2.681891026,0.401041667,6.687312687
145,9,30,2006,28,3,adult,2006,NIKON D50,6,6,0,400,110,Normal,Auto,wet,12,5,12/5/2006,10:24:06,Prime,19.88,60.75,left,98.19,13.04,upcurved,0,0,NA,260.57,NA,NA,non-musth,NA,foot,0,0,0,3,NA,NA,0.376827724,NA,0.050044134,NA,NA,NA,NA,NA,0.132803748,NA,NA,0.323827724,NA,0.037044134,NA,NA,NA,NA,NA,0.108803748,1.616296296,0.214650206,4.939134809,0.655935614,7.529907975
146,9,31,2007,29,3,adult,2007,Canon PowerShot S3 IS,5.9,4,0,100,45.2,SuperFine,Auto,dry,6,15,6/15/2007,10:11:47,Prime,34.05,106.71,left,126.07,23.31,upcurved,0,0,higher left,581.57,NA,NA,non-musth,NA,foot,0,0,0,4,NA,NA,0.216775281,NA,0.04008116,NA,NA,NA,NA,NA,0.184897279,NA,NA,0.163775281,NA,0.02708116,NA,NA,NA,NA,NA,0.160897279,1.181426296,0.218442508,3.702496329,0.684581498,5.408408408
147,9,32,2008,30,3,adult,2008,NIKON D50,3.4,5.6,0,200,300,Fine,Shade,wet,2,18,2/18/2008,10:48:15,Prime,NA,NA,right,23.65,3.95,upcurved,0,0,NA,70.09,NA,NA,NA,NA,foot,0,0,0,4,NA,NA,0.337423313,NA,0.056356114,NA,NA,NA,NA,NA,0.167019027,NA,NA,0.284423313,NA,0.043356114,NA,NA,NA,NA,NA,0.143019027,NA,NA,NA,NA,5.987341772
148,10,32,2004,25,3,adult,2004,C740UZ,3.1,3.5,0,200,54.1,Normal,Auto,wet,1,5,1/5/2004,6:49:25,Prime,115.17,234.27,left,88.97,43.6,upcurved,0,0,higher left,1125.99,1255.73,210.02,non-musth,NA,foot,0,0,0,3,1.115223048,0.896681611,0.079014911,0.070851218,0.038721481,0.03472084,0.186520307,0.167249329,0.423626321,0.207599276,0.490052827,0.852223048,0.675681611,0.026014911,0.050851218,0.025721481,0.03272084,0.132520307,0.156249329,0.164626321,0.194599276,0.466052827,0.379775473,0.186110044,0.772510202,0.378570808,2.04059633
149,10,32,2004,25,3,adult,2004,C740UZ,3.1,3.2,0,200,39.8,Normal,Auto,wet,1,5,1/5/2004,6:29:16,Prime,51,223.22,right,260.35,42.52,upcurved,0,0,NA,999.28,NA,NA,non-musth,NA,foot,0,0,0,4,NA,NA,0.260537587,NA,0.042550636,NA,NA,NA,NA,NA,0.16331861,NA,NA,0.207537587,NA,0.029550636,NA,NA,NA,NA,NA,0.13931861,1.166338142,0.190484724,5.104901961,0.83372549,6.123000941
150,10,32,2004,25,3,adult,2004,C740UZ,3.1,3.5,0,200,54.1,Normal,Auto,wet,1,5,1/5/2004,6:49:51,Prime,161.04,240.25,left,83.16,46.14,upcurved,0,0,NA,1053.29,1290.65,202.39,non-musth,NA,foot,0,0,0,4,1.225351043,0.816092666,0.078952615,0.06443265,0.0438056,0.035749429,0.19215031,0.156812459,0.410889866,0.22797569,0.554834055,0.962351043,0.595092666,0.025952615,0.04443265,0.0308056,0.033749429,0.13815031,0.145812459,0.151889866,0.21497569,0.530834055,0.346139438,0.192049948,0.516393443,0.286512668,1.802340702
151,10,33,2005,26,3,adult,2005,C750UZ,3.9,3.7,0,50,63,Normal,Auto,wet,1,25,1/25/2005,12:05:10,Prime,67.63,193.13,right,222.27,38.75,upcurved,0,0,NA,880.87,NA,NA,pre/post-musth,TGS,foot,0,0,0,5,NA,NA,0.252330083,NA,0.0439906,NA,NA,NA,NA,NA,0.174337517,NA,NA,0.199330083,NA,0.0309906,NA,NA,NA,NA,NA,0.150337517,1.150882825,0.200642055,3.286559219,0.572970575,5.736
152,10,35,2007,28,3,adult,2007,Canon EOS 400D DIGITAL,10.1,7.1,0,400,300,Fine,Auto,dry,10,24,10/24/2007,9:56:12,Prime,103.48,318.01,right,415.4,64.23,upcurved,0,0,NA,1445.98,NA,NA,non-musth,NA,foot,0,0,0,5,NA,NA,0.287279215,NA,0.044419702,NA,NA,NA,NA,NA,0.154622051,NA,NA,0.234279215,NA,0.031419702,NA,NA,NA,NA,NA,0.130622051,1.306248231,0.201974781,4.014302281,0.620699652,6.467382843
153,10,35,2007,28,3,adult,2007,Canon EOS 400D DIGITAL,10.1,8,0,400,300,Fine,Auto,dry,10,24,10/24/2007,9:56:11,Prime,81.3,317.58,right,407.47,67,upcurved,0,0,NA,1444.57,NA,NA,non-musth,NA,foot,0,0,0,5,NA,NA,0.282070097,NA,0.046380584,NA,NA,NA,NA,NA,0.164429283,NA,NA,0.229070097,NA,0.033380584,NA,NA,NA,NA,NA,0.140429283,1.283046791,0.210970464,5.011931119,0.824108241,6.081641791
154,10,36,2008,29,4,prime adult,2008,C750UZ,3.9,4,0,50,19.6,Normal,Auto,wet,11,27,11/27/2008,13:25:29,Prime,84.22,266.21,right,325.5,56.78,upcurved,0,0,NA,1181.44,NA,NA,non-musth,NA,foot,0,0,0,5,NA,NA,0.275511241,NA,0.048059995,NA,NA,NA,NA,NA,0.174439324,NA,NA,0.222511241,NA,0.035059995,NA,NA,NA,NA,NA,0.150439324,1.222718906,0.21329026,3.864877701,0.674186654,5.732652342
155,10,35,2007,28,3,adult,2007,Canon EOS 400D DIGITAL,10.1,5,0,400,75,Fine,Auto,dry,10,19,10/19/2007,17:29:02,Prime,105.68,243.1,left,237.21,52.61,upcurved,0,0,higher left,1227.21,NA,NA,non-musth,NA,foot,0,0,0,5,NA,NA,0.193292102,NA,0.042869599,NA,NA,NA,NA,NA,0.221786603,NA,NA,0.140292102,NA,0.029869599,NA,NA,NA,NA,NA,0.197786603,0.975771288,0.216412999,2.244606359,0.497823618,4.508838624
156,10,35,2007,28,3,adult,2007,Canon EOS 400D DIGITAL,10.1,5,0,400,75,Fine,Auto,dry,10,19,10/19/2007,17:29:05,Prime,172.31,246.91,left,215.53,53.69,upcurved,0,0,higher left,1198.25,NA,NA,non-musth,NA,foot,0,0,0,5,NA,NA,0.179870645,NA,0.04480701,NA,NA,NA,NA,NA,0.249106853,NA,NA,0.126870645,NA,0.03180701,NA,NA,NA,NA,NA,0.225106853,0.872909157,0.217447653,1.250826998,0.311589577,4.014341591
157,10,35,2007,28,3,adult,2007,Canon EOS 400D DIGITAL,10.1,5,0,400,75,Fine,Auto,dry,10,19,10/19/2007,17:29:01,Prime,129.42,239.24,left,227.62,52.04,upcurved,0,0,higher left,1192.8,NA,NA,non-musth,NA,foot,0,0,0,5,NA,NA,0.190828303,NA,0.043628437,NA,NA,NA,NA,NA,0.228626658,NA,NA,0.137828303,NA,0.030628437,NA,NA,NA,NA,NA,0.204626658,0.951429527,0.217522153,1.758769896,0.402101684,4.373943121
158,10,35,2007,28,3,adult,2007,Canon EOS 400D DIGITAL,10.1,5,0,400,75,Fine,Auto,dry,10,19,10/19/2007,17:29:03,Prime,133.96,247.39,left,228.6,54.76,upcurved,0,0,higher left,1206.84,NA,NA,non-musth,NA,foot,0,0,0,5,NA,NA,0.189420304,NA,0.045374698,NA,NA,NA,NA,NA,0.239545057,NA,NA,0.136420304,NA,0.032374698,NA,NA,NA,NA,NA,0.215545057,0.924047051,0.221350903,1.706479546,0.40877874,4.174579985
159,10,35+,2003,29,4,prime adult,2008,C740UZ,3.1,3.7,0,84,63,Normal,Auto,dry,6,19,6/19/2008,11:40,Prime,68.6,199.2,left,199.61,44.11,upcurved,0,0,NA,902.13,NA,NA,non-musth,NA,foot,0,0,0,4,NA,NA,0.221265228,NA,0.048895392,NA,NA,NA,NA,NA,0.220980913,NA,NA,0.168265228,NA,0.035895392,NA,NA,NA,NA,NA,0.196980913,1.002058233,0.221435743,2.909766764,0.643002915,4.525277715
160,10,35,2007,28,3,adult,2007,FinePix S5600,5,5,0,200,6.9,Normal,Cloudy,wet,12,14,12/14/2007,11:06:19,Prime,NA,NA,right,347.88,52.66,upcurved,0,0,higher left,1066.8,1264.15,NA,non-musth,NA,foot,0,0,0,5,1.184992501,0.843887197,0.326096738,0.275188862,0.04936258,0.041656449,NA,NA,NA,NA,0.151374037,0.921992501,0.622887197,0.273096738,0.255188862,0.03636258,0.039656449,NA,NA,NA,NA,0.127374037,NA,NA,NA,NA,6.606152678
161,11,23,2005,23,2,young adult,2007,FinePix S5600,5,5,0.003125,100,16.7,Normal,Auto,wet,1,12,1/12/2007,2:59 PM,Young,43.98,201.95,right,162.64,40.34,upcurved,0,0,NA,805.51,1119.43,181.88,NA,NA,NA,0,0,0,5,1.389715832,0.719571568,0.201909349,0.145288227,0.050080073,0.036036197,0.225794838,0.162475546,0.894215967,0.22179459,0.248032464,1.126715832,0.498571568,0.148909349,0.125288227,0.037080073,0.034036197,0.171794838,0.151475546,0.635215967,0.20879459,0.224032464,0.805347858,0.199752414,3.698044566,0.917235107,4.031730293
162,11,22,2005,22,2,young adult,2006,Canon PowerShot S3 IS,5.9,3.5,0.005,200,56.8,SuperFine,Auto,dry,10,18,10/18/2006,4:32 PM,Young,77.05,135.58,left,94.71,27.68,upcurved,0,0,NA,562.99,720.63,129.17,non-musth,NA,NA,0,0,0,3,1.280004973,0.781246964,0.168226789,0.131426668,0.04916606,0.038410835,0.229435692,0.179245938,0.733219788,0.214291244,0.292260585,1.017004973,0.560246964,0.115226789,0.111426668,0.03616606,0.036410835,0.175435692,0.168245938,0.474219788,0.201291244,0.268260585,0.698554359,0.204159906,1.229201817,0.359247242,3.421604046
163,11,22,2005,22,2,young adult,2006,Canon PowerShot S3 IS,5.9,3.5,0.008,200,56.8,SuperFine,Auto,dry,10,18,10/18/2006,4:32 PM,Young,51.53,138.06,left,100.68,29.48,upcurved,0,0,NA,610.63,NA,NA,non-musth,NA,foot,0,0,0,3,NA,NA,0.164878896,NA,0.048278008,NA,NA,NA,NA,NA,0.292808899,NA,NA,0.111878896,NA,0.035278008,NA,NA,NA,NA,NA,0.268808899,0.729248153,0.213530349,1.953813313,0.572093926,3.415196744
164,11,22,2005,22,2,young adult,2006,Finecam M410R,3.9,5.6,0.002857143,100,5.7,NA,Auto,dry,10,8,10/8/2006,7:47 AM,Young,NA,NA,left,119.53,31.03,upcurved,0,0,NA,691.99,NA,NA,NA,NA,foot,0,0,0,3,NA,NA,0.17273371,NA,0.044841688,NA,NA,NA,NA,NA,0.2596001,NA,NA,0.11973371,NA,0.031841688,NA,NA,NA,NA,NA,0.2356001,NA,NA,NA,NA,3.852078634
165,12,32,2004,23,3,adult,2004,C740UZ,3.1,3.7,0,93,63,Normal,Auto,wet,2,4,2/4/2004,6:56:30,Prime,78.72,208.28,left,201.95,45.89,straight,0,0,NA,970.06,1067.3,184.64,non-musth,NA,NA,0,0,0,4,1.100241222,0.908891596,0.208182999,0.189215778,0.047306352,0.042996346,0.190338742,0.172997283,1.09375,0.248537695,0.227234464,0.837241222,0.687891596,0.155182999,0.169215778,0.034306352,0.040996346,0.136338742,0.161997283,0.83475,0.235537695,0.203234464,0.96960822,0.220328404,2.565421748,0.582952236,4.400740902
166,12,36,2008,27,4,prime adult,2008,NIKON D50,3.4,5.3,0,200,250,Fine,Shade,wet,4,28,4/28/2008,11:16:45,Prime,18.14,48.97,left,60.37,11.13,upcurved,0,0,NA,222.43,NA,NA,non-musth,NA,foot,0,0,0,4,NA,NA,0.27141123,NA,0.050038214,NA,NA,NA,NA,NA,0.184363094,NA,NA,0.21841123,NA,0.037038214,NA,NA,NA,NA,NA,0.160363094,1.232795589,0.227282009,3.32800441,0.613561191,5.424079066
167,12,36,2008,27,4,prime adult,2008,FinePix S5600,5,5,0,200,63,Normal,Cloudy,wet,4,20,4/20/2008,22:09:47,Prime,109.66,245.03,right,308.01,56.63,upcurved,0,0,NA,NA,1303.41,208.69,non-musth,NA,anal flap,0,0,0,NA,NA,NA,NA,0.236310908,NA,0.043447572,NA,0.160110786,1.475921223,0.271359433,0.183857667,NA,NA,NA,0.216310908,NA,0.041447572,NA,0.149110786,1.216921223,0.258359433,0.159857667,1.257029751,0.231114557,2.80877257,0.516414372,5.438989935
168,12,33,2005,24,3,adult,2005,FDMAVICA,0.786,4,0,100,16.8,NA,NA,dry,9,18,9/18/2005,17:05:10,Prime,26.03,81.35,right,100.15,18.98,upcurved,0,0,NA,326.5,402.49,66.28,non-musth,NA,NA,0,0,0,4,1.232741194,0.811200278,0.306738132,0.248826058,0.0581317,0.047156451,0.203001531,0.164674899,1.511013881,0.286360893,0.189515726,0.969741194,0.590200278,0.253738132,0.228826058,0.0451317,0.045156451,0.149001531,0.153674899,1.252013881,0.273360893,0.165515726,1.231100184,0.233312846,3.847483673,0.729158663,5.276606955
169,12,36,2008,27,4,prime adult,2008,FinePix S5600,5,5,0,200,63,Normal,Cloudy,wet,4,20,4/20/2008,22:10:00,Prime,142.39,251.07,right,284.4,59.02,upcurved,0,0,higher right,NA,1312.32,215.44,non-musth,NA,anal flap,0,0,0,NA,NA,NA,NA,0.216715435,NA,0.044973787,NA,0.164167276,1.32008912,0.273950984,0.207524613,NA,NA,NA,0.196715435,NA,0.042973787,NA,0.153167276,1.06108912,0.260950984,0.183524613,1.132751822,0.235073884,1.997331273,0.4144954,4.818705524
170,12,32,2004,23,3,adult,2004,C740UZ,3.1,3.7,0,115,63,Normal,Auto,wet,2,4,2/4/2004,6:56:22,Prime,106.04,207.31,left,197.58,49.02,straight,0,0,higher right,949.27,NA,169.39,non-musth,NA,NA,0,0,0,4,NA,NA,0.208138886,NA,0.051639681,NA,0.178442382,NA,1.166420686,0.289391345,0.248102035,NA,NA,0.155138886,NA,0.038639681,NA,0.124442382,NA,0.907420686,0.276391345,0.224102035,0.953065458,0.236457479,1.863259147,0.462278386,4.030599755
171,12,36,2008,27,4,prime adult,2008,Canon PowerShot S3 IS,5.9,4,0,100,19.7,SuperFine,Auto,wet,1,22,1/22/2008,14:45:23,Prime,63.17,124.47,left,149.34,29.67,upcurved,0,0,NA,599.2,NA,NA,NA,NA,foot,0,0,0,4,NA,NA,0.24923231,NA,0.049516021,NA,NA,NA,NA,NA,0.198674166,NA,NA,0.19623231,NA,0.036516021,NA,NA,NA,NA,NA,0.174674166,1.199807182,0.238370692,2.364096881,0.469684977,5.033367037
172,12,32,2004,23,3,adult,2004,C740UZ,3.1,3.2,0,64,36.4,Normal,Auto,wet,2,4,2/4/2004,6:59:35,Prime,75.69,186.47,right,234.31,45.15,upcurved,0,0,NA,909.07,1097.8,177.45,NA,NA,NA,0,0,0,4,1.207607775,0.82808344,0.257746928,0.213435963,0.049666142,0.04112771,0.19519949,0.161641465,1.32042829,0.25443787,0.19269344,0.944607775,0.60708344,0.204746928,0.193435963,0.036666142,0.03912771,0.14119949,0.150641465,1.06142829,0.24143787,0.16869344,1.256556014,0.242130101,3.095653323,0.596512089,5.189590255
173,12,34,2006,25,3,adult,2006,FinePix S5600,5,3.2,NA,400,63,Normal,Auto,dry,9,11,9/11/2006,17:41:40,Prime,NA,178.9,right,231.94,44.21,upcurved,0,0,NA,817.91,NA,NA,non-musth,NA,foot,0,0,0,5,NA,NA,0.283576433,NA,0.054052402,NA,NA,NA,NA,NA,0.19060964,NA,NA,0.230576433,NA,0.041052402,NA,NA,NA,NA,NA,0.16660964,1.29647848,0.247121297,NA,NA,5.246324361
174,13,31,2006,28,3,adult,2006,Canon EOS 350D DIGITAL,2,5,0,200,205,Fine,Auto,wet,11,26,11/26/2006,15:07:50,Prime,155.96,239.96,right,306.19,39.15,upcurved,0,0,NA,734.55,984.11,167.24,non-musth,NA,NA,0,0,0,4,1.339745422,0.746410462,0.416840242,0.311133918,0.053297938,0.039782138,0.227676809,0.169940352,1.830841904,0.234094714,0.127861785,1.076745422,0.525410462,0.363840242,0.291133918,0.040297938,0.037782138,0.173676809,0.158940352,1.571841904,0.221094714,0.103861785,1.276004334,0.163152192,1.96325981,0.251025904,7.820945083
175,13,32,2007,29,3,adult,2007,FinePix S5600,5,5,0,100,18.9,Normal,Auto,wet,3,14,3/14/2007,11:27:00,Prime,155.97,238.68,right,343.49,50.24,upcurved,0,0,higher left,841.67,NA,NA,NA,NA,foot,0,0,0,4,NA,NA,0.408105314,NA,0.059690853,NA,NA,NA,NA,NA,0.146263356,NA,NA,0.355105314,NA,0.046690853,NA,NA,NA,NA,NA,0.122263356,1.439123513,0.210491034,2.20228249,0.322113227,6.836982484
176,13,32,2007,29,3,adult,2007,FinePix S5600,5,5,0,100,21.6,Normal,Auto,wet,3,14,3/14/2007,11:30:20,Prime,154.48,261.8,right,391.07,56.6,upcurved,0,0,higher left,1066.36,NA,NA,NA,NA,foot,0,0,0,4,NA,NA,0.366733561,NA,0.05307776,NA,NA,NA,NA,NA,0.144731122,NA,NA,0.313733561,NA,0.04007776,NA,NA,NA,NA,NA,0.120731122,1.493773873,0.216195569,2.531525117,0.366390471,6.909363958
